id,date,state,statename,deaths,hospitalizedCurrently,positive,totalTestResults
0,20200911,AK,Alaska,2333,15527,136703,1010922
1,20200911,AL,Alabama,2333,15527,136703,1010922
2,20200911,AR,Arkansas,953,4678,68983,798358
3,20200911,AS,American Samoa,0,0,0,1571
4,20200911,AZ,Arizona,5288,21747,207523,1279424
5,20200911,CA,California,14089,0,746191,12451660
6,20200911,CO,Colorado,1889,7186,60185,1087199
7,20200911,CT,Connecticut,4480,11357,54326,1330984
8,20200911,DC,District of Columbia,616,0,14493,321436
9,20200911,DE,Delaware,613,0,18466,256698
10,20200911,FL,Florida,12658,41494,658381,4876756
11,20200911,GA,Georgia,6246,26163,290781,2558319
12,20200911,GU,Guam,23,0,1863,43013
13,20200911,HI,Hawaii,94,610,10292,246483
14,20200911,IA,Idaho,1211,0,71133,673597
15,20200911,ID,Illinois,407,1551,34617,273816
16,20200911,IL,Indiana,8505,0,259883,4634477
17,20200911,IN,Iowa,3420,11651,103505,1183104
18,20200911,KS,Kansas,511,2537,48386,448930
19,20200911,KY,Kentucky,1044,4862,55704,900690
20,20200911,LA,Louisiana,5202,0,157109,2037753
21,20200911,MA,Maine,9180,12411,123986,2905353
22,20200911,MD,Maryland,3828,14756,114724,1432876
23,20200911,ME,Massachusetts,134,432,4792,320008
24,20200911,MI,Michigan,6900,0,122251,3072786
25,20200911,MN,Minnesota,1949,6863,82716,1212560
26,20200911,MO,Missouri,1701,0,99160,1096572
27,20200911,MP,Mariana Islands,2,4,59,14375
28,20200911,MS,Mississippi,2670,5410,89175,618379
29,20200911,MT,Montana,131,518,8785,274658
30,20200911,NC,North Carolina,3023,0,182286,2558654
31,20200911,ND,North Dakota,133,630,14684,506398
32,20200911,NE,Nebraska,430,2119,37373,393812
33,20200911,NH,New Hampshire,434,720,7620,227291
34,20200911,NJ,New Jersey,16023,22918,195888,3140786
35,20200911,NM,New Mexico,816,3238,26429,806999
36,20200911,NV,Nevada,1439,0,72806,633282
37,20200911,NY,New York,25382,89995,442791,9142700
38,20200911,OH,Ohio,4403,14236,135326,2519213
39,20200911,OK,Oklahoma,888,5369,67642,974751
40,20200911,OR,Oregon,499,2235,28865,605739
41,20200911,PA,Pennsylvania,7837,0,142885,1794913
42,20200911,PR,Puerto Rico,523,0,36581,342553
43,20200911,RI,Rhode Island,1071,2620,22905,615683
44,20200911,SC,South Carolina,3028,8353,129046,1044476
45,20200911,SD,South Dakota,177,1138,16117,160963
46,20200911,TN,Tennessee,2025,7624,169859,2420379
47,20200911,TX,Texas,13997,0,653356,5454041
48,20200911,UT,Utah,431,3288,56675,707807
49,20200911,VA,Vermont,2711,17263,131640,1734047
50,20200911,VI,Virgin Islands,18,0,1201,18050
51,20200911,VT,Virginia,58,0,1668,148575
52,20200911,WA,Washington,1991,7018,79011,1614748
53,20200911,WI,West Virginia,1205,6263,91625,1345659
54,20200911,WV,Wisconsin,263,0,12174,471791
55,20200911,WY,Wyoming,42,227,4264,86355
56,20200910,AK,,42,0,6915,393077
57,20200910,AL,,2301,15339,135565,1005738
58,20200910,AR,,940,4606,67803,797178
59,20200910,AS,,0,0,0,1571
60,20200910,AZ,,5273,21611,207002,1272734
61,20200910,CA,,13978,0,742865,12389991
62,20200910,CO,,1882,7173,59920,1079276
63,20200910,CT,,4478,11357,54093,1309460
64,20200910,DC,,616,0,14412,319188
65,20200910,DE,,613,0,18466,256698
66,20200910,FL,,12482,41279,654731,4850259
67,20200910,GA,,6204,26062,289123,2542594
68,20200910,GU,,21,0,1846,42618
69,20200910,HI,,91,604,10123,239272
70,20200910,IA,,1207,0,70405,667869
71,20200910,ID,,406,1536,34310,272164
72,20200910,IL,,8461,0,257571,4577649
73,20200910,IN,,3410,11591,102243,1164141
74,20200910,KS,,495,2470,47410,441414
75,20200910,KY,,1035,4835,54772,884491
76,20200910,LA,,5161,0,156354,2010519
77,20200910,MA,,9166,12401,123546,2852550
78,20200910,MD,,3824,14706,114078,1423727
79,20200910,ME,,134,431,4760,313909
80,20200910,MI,,6894,0,120846,3036448
81,20200910,MN,,1936,6830,82249,1205501
82,20200910,MO,,1691,0,97591,1083924
83,20200910,MP,,2,4,59,14375
84,20200910,MS,,2656,5410,88322,613238
85,20200910,MT,,123,512,8663,273353
86,20200910,NC,,2990,0,180754,2521839
87,20200910,ND,,131,624,14443,500924
88,20200910,NE,,421,2108,36917,390318
89,20200910,NH,,434,719,7573,225659
90,20200910,NJ,,16014,22888,195414,3113654
91,20200910,NM,,813,3219,26268,803101
92,20200910,NV,,1429,0,72546,627319
93,20200910,NY,,25377,89995,441911,9052978
94,20200910,OH,,4354,14164,134086,2490351
95,20200910,OK,,876,5318,66700,961710
96,20200910,OR,,497,2222,28654,596988
97,20200910,PA,,7820,0,141877,1781226
98,20200910,PR,,512,0,36279,342251
99,20200910,RI,,1067,2611,22782,606906
100,20200910,SC,,2975,8295,126592,1032459
101,20200910,SD,,177,1120,15834,159250
102,20200910,TN,,1988,7549,168237,2393040
103,20200910,TX,,13853,0,649809,5405257
104,20200910,UT,,430,3273,56019,703766
105,20200910,VA,,2708,17157,130525,1716462
106,20200910,VI,,18,0,1197,17865
107,20200910,VT,,58,0,1661,147306
108,20200910,WA,,1985,6993,78467,1597987
109,20200910,WI,,1201,6222,90182,1335630
110,20200910,WV,,257,0,12017,467790
111,20200910,WY,,42,224,4199,85299
112,20200909,AK,,42,0,6790,391937
113,20200909,AL,,2285,15339,134417,998399
114,20200909,AR,,928,4574,67255,784228
115,20200909,AS,,0,0,0,1571
116,20200909,AZ,,5251,21593,206541,1269197
117,20200909,CA,,13841,0,739527,12343797
118,20200909,CO,,1868,7161,59674,1073979
119,20200909,CT,,4474,11275,53871,1292847
120,20200909,DC,,615,0,14387,317660
121,20200909,DE,,609,0,18308,253970
122,20200909,FL,,12269,40985,652148,4831248
123,20200909,GA,,6128,25845,287287,2527779
124,20200909,GU,,21,0,1758,42095
125,20200909,HI,,88,599,10025,237786
126,20200909,IA,,1194,0,69503,661575
127,20200909,ID,,389,1502,33981,270534
128,20200909,IL,,8433,0,255618,4528667
129,20200909,IN,,3397,11528,101485,1158018
130,20200909,KS,,495,2470,47410,441414
131,20200909,KY,,1013,4777,53977,878290
132,20200909,LA,,5140,0,155890,1999962
133,20200909,MA,,9146,12387,123143,2798585
134,20200909,MD,,3816,14672,113575,1415522
135,20200909,ME,,134,429,4734,309725
136,20200909,MI,,6887,0,119863,3003277
137,20200909,MN,,1921,6792,81868,1204193
138,20200909,MO,,1673,0,96475,1070909
139,20200909,MP,,2,4,59,13543
140,20200909,MS,,2623,5410,87805,609638
141,20200909,MT,,122,509,8468,271150
142,20200909,NC,,2958,0,179532,2490113
143,20200909,ND,,129,611,14110,494769
144,20200909,NE,,406,2089,36477,385349
145,20200909,NH,,433,718,7494,222963
146,20200909,NJ,,16009,22854,194990,3091149
147,20200909,NM,,807,3202,26181,799673
148,20200909,NV,,1412,0,72258,624874
149,20200909,NY,,25370,89995,441154,8976165
150,20200909,OH,,4324,14083,132965,2470564
151,20200909,OK,,863,5253,65929,953536
152,20200909,OR,,494,2215,28471,594077
153,20200909,PA,,7805,0,141290,1766930
154,20200909,PR,,500,0,35507,341479
155,20200909,RI,,1062,2604,22676,598317
156,20200909,SC,,2942,8236,126213,1017319
157,20200909,SD,,173,1109,15571,157889
158,20200909,TN,,1931,7444,166587,2367502
159,20200909,TX,,13692,0,645791,5372132
160,20200909,UT,,427,3263,55673,698541
161,20200909,VA,,2697,17039,129289,1700004
162,20200909,VI,,18,0,1191,17444
163,20200909,VT,,58,0,1656,147170
164,20200909,WA,,1978,6966,78009,1583903
165,20200909,WI,,1191,6173,88590,1326763
166,20200909,WV,,254,0,11808,463930
167,20200909,WY,,42,221,4151,84835
168,20200908,AK,,42,0,6724,391656
169,20200908,AL,,2277,15137,133606,992395
170,20200908,AR,,917,4524,66757,783730
171,20200908,AS,,0,0,0,1571
172,20200908,AZ,,5221,21522,206045,1266599
173,20200908,CA,,13758,0,737911,12267948
174,20200908,CO,,1866,7142,59487,1069606
175,20200908,CT,,4474,11275,53782,1286887
176,20200908,DC,,611,0,14362,316598
177,20200908,DE,,609,0,18308,253970
178,20200908,FL,,12067,40661,650092,4816873
179,20200908,GA,,6070,25589,285350,2511826
180,20200908,GU,,19,0,1713,41412
181,20200908,HI,,86,598,9959,237012
182,20200908,IA,,1180,0,69139,658977
183,20200908,ID,,385,1468,33741,269238
184,20200908,IL,,8405,0,254281,4480638
185,20200908,IN,,3380,11467,100780,1150863
186,20200908,KS,,485,2441,46914,436686
187,20200908,KY,,997,4730,53319,870650
188,20200908,LA,,5118,0,154329,1968354
189,20200908,MA,,9141,12368,122962,2758384
190,20200908,MD,,3807,14636,113239,1410598
191,20200908,ME,,134,429,4713,302706
192,20200908,MI,,6811,0,118902,2980084
193,20200908,MN,,1914,6760,81608,1201870
194,20200908,MO,,1661,0,95113,1061230
195,20200908,MP,,2,4,59,13543
196,20200908,MS,,2585,5410,87379,606461
197,20200908,MT,,119,502,8381,268780
198,20200908,NC,,2909,0,178635,2469977
199,20200908,ND,,129,604,13872,491742
200,20200908,NE,,404,2079,35975,378300
201,20200908,NH,,433,718,7494,222963
202,20200908,NJ,,15996,22812,194667,3070746
203,20200908,NM,,807,3195,26144,795247
204,20200908,NV,,1393,0,72104,624052
205,20200908,NY,,25367,89995,440578,8912935
206,20200908,OH,,4298,13967,131992,2449545
207,20200908,OK,,854,5137,65053,925139
208,20200908,OR,,486,2206,28355,591499
209,20200908,PA,,7791,0,140359,1755076
210,20200908,PR,,482,0,35504,341476
211,20200908,RI,,1059,2589,22592,582612
212,20200908,SC,,2912,8182,125908,1014151
213,20200908,SD,,173,1094,15403,156686
214,20200908,TN,,1896,7355,165754,2350991
215,20200908,TX,,13553,0,641791,5339126
216,20200908,UT,,424,3242,55359,695347
217,20200908,VA,,2686,16831,128407,1689744
218,20200908,VI,,18,0,1191,17444
219,20200908,VT,,58,0,1654,146782
220,20200908,WA,,1953,6860,77235,1563053
221,20200908,WI,,1176,6118,87677,1317836
222,20200908,WV,,250,0,11661,462760
223,20200908,WY,,42,219,4103,81469
224,20200907,AK,,42,0,6690,388621
225,20200907,AL,,2276,14914,132973,987995
226,20200907,AR,,908,4486,66280,772813
227,20200907,AS,,0,0,0,1514
228,20200907,AZ,,5219,21525,205964,1263397
229,20200907,CA,,13726,0,735235,12158292
230,20200907,CO,,1866,7138,59274,1059557
231,20200907,CT,,4468,11275,53365,1237658
232,20200907,DC,,611,0,14315,313715
233,20200907,DE,,609,0,18249,252602
234,20200907,FL,,12023,40547,648269,4801684
235,20200907,GA,,6044,25538,283807,2488841
236,20200907,GU,,18,0,1671,40741
237,20200907,HI,,85,597,9855,234903
238,20200907,IA,,1168,0,68684,655846
239,20200907,ID,,385,1466,33667,268189
240,20200907,IL,,8398,0,252889,4449275
241,20200907,IN,,3368,11410,100394,1146572
242,20200907,KS,,485,2441,46914,436686
243,20200907,KY,,996,4728,53064,869233
244,20200907,LA,,5105,0,154073,1964229
245,20200907,MA,,9133,12357,122791,2728153
246,20200907,MD,,3804,14603,112883,1405189
247,20200907,ME,,134,427,4701,300032
248,20200907,MI,,6810,0,118403,2962678
249,20200907,MN,,1912,6743,81225,1197675
250,20200907,MO,,1659,0,94340,1054385
251,20200907,MP,,2,4,58,13542
252,20200907,MS,,2585,5326,87130,598051
253,20200907,MT,,118,498,8316,267125
254,20200907,NC,,2897,0,177919,2459582
255,20200907,ND,,125,602,13797,490368
256,20200907,NE,,404,2068,35886,377461
257,20200907,NH,,433,718,7476,222299
258,20200907,NJ,,15991,22802,194390,3054528
259,20200907,NM,,803,3186,26107,791836
260,20200907,NV,,1393,0,71967,622642
261,20200907,NY,,25361,89995,440021,8855109
262,20200907,OH,,4276,13887,131336,2426014
263,20200907,OK,,853,5113,64220,924306
264,20200907,OR,,482,2161,28190,588166
265,20200907,PA,,7780,0,139863,1748241
266,20200907,PR,,477,0,35375,341347
267,20200907,RI,,1059,2589,22572,581174
268,20200907,SC,,2907,8171,125607,1009710
269,20200907,SD,,173,1084,15300,156093
270,20200907,TN,,1869,7312,165109,2344781
271,20200907,TX,,13492,0,640370,5320999
272,20200907,UT,,423,3225,55033,691743
273,20200907,VA,,2684,16803,127571,1682098
274,20200907,VI,,17,0,1190,17420
275,20200907,VT,,58,0,1651,145993
276,20200907,WA,,1953,6860,77235,1563053
277,20200907,WI,,1176,6089,86928,1313721
278,20200907,WV,,247,0,11575,461765
279,20200907,WY,,42,219,4032,78344
280,20200906,AK,,42,0,6656,387057
281,20200906,AL,,2276,14914,132314,984308
282,20200906,AR,,894,4462,65226,765947
283,20200906,AS,,0,0,0,1514
284,20200906,AZ,,5221,21527,205766,1259018
285,20200906,CA,,13709,0,732144,12047191
286,20200906,CO,,1866,7134,58989,1051084
287,20200906,CT,,4468,11275,53365,1237658
288,20200906,DC,,611,0,14279,311510
289,20200906,DE,,609,0,18043,250783
290,20200906,FL,,12001,40487,646431,4784770
291,20200906,GA,,6037,25523,283199,2479568
292,20200906,GU,,16,0,1671,40741
293,20200906,HI,,84,592,9693,229796
294,20200906,IA,,1165,0,68291,652937
295,20200906,ID,,384,1466,33477,267172
296,20200906,IL,,8390,0,251508,4420300
297,20200906,IN,,3364,11365,99804,1138868
298,20200906,KS,,481,2415,45220,427205
299,20200906,KY,,996,4713,52774,872129
300,20200906,LA,,5093,0,153764,1959244
301,20200906,MA,,9125,12350,122562,2704512
302,20200906,MD,,3799,14573,112119,1393324
303,20200906,ME,,134,424,4682,296854
304,20200906,MI,,6806,0,117191,2919002
305,20200906,MN,,1909,6719,80587,1188293
306,20200906,MO,,1658,0,93434,1045843
307,20200906,MP,,2,4,58,13542
308,20200906,MS,,2584,5326,86888,597809
309,20200906,MT,,117,486,8264,262026
310,20200906,NC,,2890,0,176901,2442950
311,20200906,ND,,125,598,13626,488286
312,20200906,NE,,404,2065,35805,376828
313,20200906,NH,,433,718,7447,220662
314,20200906,NJ,,15989,22796,194058,3002307
315,20200906,NM,,800,3171,26048,787811
316,20200906,NV,,1389,0,71610,619482
317,20200906,NY,,25359,89995,439501,8796244
318,20200906,OH,,4259,13841,130558,2404235
319,20200906,OK,,853,5105,63607,923693
320,20200906,OR,,481,2161,28044,585425
321,20200906,PA,,7760,0,139316,1738615
322,20200906,PR,,477,0,34533,340505
323,20200906,RI,,1058,2587,22519,577163
324,20200906,SC,,2887,8144,124952,1001225
325,20200906,SD,,173,1079,15109,155101
326,20200906,TN,,1865,7296,164126,2331199
327,20200906,TX,,13472,0,638310,5282579
328,20200906,UT,,422,3207,54660,688735
329,20200906,VA,,2678,16766,126926,1670084
330,20200906,VI,,17,0,1181,17325
331,20200906,VT,,58,0,1648,144063
332,20200906,WA,,1953,6842,76836,1550477
333,20200906,WI,,1176,6070,86353,1308247
334,20200906,WV,,246,0,11412,458378
335,20200906,WY,,42,219,4032,78344
336,20200905,AK,,42,0,6567,385002
337,20200905,AL,,2275,14914,131803,977973
338,20200905,AR,,882,4456,65226,765947
339,20200905,AS,,0,0,0,1514
340,20200905,AZ,,5207,21520,205516,1252775
341,20200905,CA,,13643,0,727239,11916323
342,20200905,CO,,1866,7125,58655,1040752
343,20200905,CT,,4468,11275,53365,1237658
344,20200905,DC,,611,0,14238,307864
345,20200905,DE,,608,0,17892,248632
346,20200905,FL,,11963,40373,643867,4763807
347,20200905,GA,,5977,25501,281548,2460729
348,20200905,GU,,15,0,1671,40741
349,20200905,HI,,81,583,9473,221391
350,20200905,IA,,1161,0,67642,648511
351,20200905,ID,,382,1461,33196,265645
352,20200905,IL,,8385,0,250105,4373804
353,20200905,IN,,3362,11318,98961,1129078
354,20200905,KS,,481,2415,45220,427205
355,20200905,KY,,993,4713,52464,871819
356,20200905,LA,,5035,0,152369,1932644
357,20200905,MA,,9116,12347,122196,2660462
358,20200905,MD,,3796,14516,111607,1384455
359,20200905,ME,,134,424,4667,291975
360,20200905,MI,,6806,0,117191,2919002
361,20200905,MN,,1903,6676,79880,1177800
362,20200905,MO,,1639,0,92202,1038301
363,20200905,MP,,2,4,58,13542
364,20200905,MS,,2569,5326,86478,597399
365,20200905,MT,,116,477,8164,261050
366,20200905,NC,,2889,0,175815,2410871
367,20200905,ND,,125,596,13327,483824
368,20200905,NE,,404,2060,35661,375524
369,20200905,NH,,432,717,7424,218745
370,20200905,NJ,,15985,22790,193747,2965047
371,20200905,NM,,794,3171,25902,782044
372,20200905,NV,,1388,0,71102,613004
373,20200905,NY,,25350,89995,438772,8710614
374,20200905,OH,,4256,13808,129785,2377910
375,20200905,OK,,850,5105,63187,923273
376,20200905,OR,,480,2161,27856,580107
377,20200905,PA,,7760,0,138625,1727706
378,20200905,PR,,464,0,34492,340464
379,20200905,RI,,1058,2581,22484,570929
380,20200905,SC,,2877,8133,124289,993927
381,20200905,SD,,173,1068,14889,153907
382,20200905,TN,,1862,7276,162362,2310324
383,20200905,TX,,13408,0,635315,5183948
384,20200905,UT,,420,3188,54272,683965
385,20200905,VA,,2677,16734,125727,1657556
386,20200905,VI,,16,0,1167,17211
387,20200905,VT,,58,0,1647,143088
388,20200905,WA,,1953,6848,76335,1534090
389,20200905,WI,,1176,6048,85463,1302741
390,20200905,WV,,243,0,11289,453481
391,20200905,WY,,42,223,4006,78318
392,20200904,AK,,40,0,6469,381937
393,20200904,AL,,2266,14801,130393,970413
394,20200904,AR,,873,4422,64678,748914
395,20200904,AS,,0,0,0,1514
396,20200904,AZ,,5171,21498,204681,1236928
397,20200904,CA,,13490,0,722283,11796970
398,20200904,CO,,1861,7104,58287,1029791
399,20200904,CT,,4468,11275,53365,1237658
400,20200904,DC,,611,0,14186,303351
401,20200904,DE,,606,0,17752,246642
402,20200904,FL,,11903,40127,640211,4740007
403,20200904,GA,,5931,25402,279354,2432125
404,20200904,GU,,14,0,1619,40112
405,20200904,HI,,79,573,9202,213722
406,20200904,IA,,1141,0,66614,642335
407,20200904,ID,,372,1442,32927,263727
408,20200904,IL,,8362,0,247299,4311869
409,20200904,IN,,3350,11265,97884,1117427
410,20200904,KS,,481,2415,45220,427205
411,20200904,KY,,987,4699,51677,852440
412,20200904,LA,,5035,0,152369,1932644
413,20200904,MA,,9100,12335,121758,2600312
414,20200904,MD,,3789,14473,110831,1371465
415,20200904,ME,,134,423,4632,286603
416,20200904,MI,,6798,0,116295,2877981
417,20200904,MN,,1899,6635,78966,1168307
418,20200904,MO,,1562,0,90215,1021730
419,20200904,MP,,2,4,57,13541
420,20200904,MS,,2558,5326,85939,587404
421,20200904,MT,,114,474,8019,259988
422,20200904,NC,,2839,0,174254,2389096
423,20200904,ND,,125,590,12971,476793
424,20200904,NE,,404,2033,35469,373592
425,20200904,NH,,432,716,7368,217263
426,20200904,NJ,,15978,22770,193422,2964722
427,20200904,NM,,791,3169,25812,776796
428,20200904,NV,,1375,0,70712,608815
429,20200904,NY,,25348,89995,437971,8610853
430,20200904,OH,,4248,13731,128444,2349585
431,20200904,OK,,846,5061,62040,914395
432,20200904,OR,,475,2161,27601,576929
433,20200904,PA,,7742,0,137662,1714541
434,20200904,PR,,455,0,34241,340213
435,20200904,RI,,1055,2559,22243,557522
436,20200904,SC,,2846,8073,123325,981984
437,20200904,SD,,170,1062,14596,152293
438,20200904,TN,,1837,7206,160597,2283234
439,20200904,TX,,13231,0,630829,5119753
440,20200904,UT,,419,3172,53839,679716
441,20200904,VA,,2662,16593,124779,1639828
442,20200904,VI,,16,0,1150,16940
443,20200904,VT,,58,0,1642,142198
444,20200904,WA,,1945,6834,75856,1518089
445,20200904,WI,,1161,5998,84464,1294667
446,20200904,WV,,243,0,11037,448911
447,20200904,WY,,42,223,3989,78301
448,20200903,AK,,40,0,6339,377936
449,20200903,AL,,2233,14801,129285,965974
450,20200903,AR,,861,4386,63504,738841
451,20200903,AS,,0,0,0,1514
452,20200903,AZ,,5130,21474,203953,1222859
453,20200903,CA,,13327,0,717177,11663924
454,20200903,CO,,1853,7090,58019,1021497
455,20200903,CT,,4468,11275,53209,1218216
456,20200903,DC,,609,0,14135,298759
457,20200903,DE,,606,0,17653,244548
458,20200903,FL,,11800,39884,637013,4717696
459,20200903,GA,,5868,25259,277288,2410665
460,20200903,GU,,13,0,1560,39490
461,20200903,HI,,75,552,8991,207431
462,20200903,IA,,1135,0,65523,634758
463,20200903,ID,,372,1435,32664,261400
464,20200903,IL,,8324,0,241705,4162370
465,20200903,IN,,3332,11196,96854,1103038
466,20200903,KS,,458,2361,43940,419247
467,20200903,KY,,976,4684,50885,844424
468,20200903,LA,,5021,0,151547,1917099
469,20200903,MA,,9077,12325,121546,2560869
470,20200903,MD,,3778,14427,110012,1357605
471,20200903,ME,,133,424,4617,281053
472,20200903,MI,,6791,0,115242,2849451
473,20200903,MN,,1889,6592,78123,1158388
474,20200903,MO,,1545,0,88610,1008078
475,20200903,MP,,2,4,57,13541
476,20200903,MS,,2536,5326,85116,586581
477,20200903,MT,,111,472,7871,255660
478,20200903,NC,,2803,0,172209,2347837
479,20200903,ND,,124,583,12629,470423
480,20200903,NE,,399,2027,34995,368965
481,20200903,NH,,432,715,7347,215875
482,20200903,NJ,,15971,22738,192973,2930015
483,20200903,NM,,790,3159,25612,770959
484,20200903,NV,,1363,0,70223,605268
485,20200903,NY,,25343,89995,437107,8517458
486,20200903,OH,,4226,13663,127112,2319528
487,20200903,OK,,835,5013,61027,903046
488,20200903,OR,,470,2175,27336,571125
489,20200903,PA,,7732,0,136771,1702214
490,20200903,PR,,448,0,34198,340170
491,20200903,RI,,1055,2540,22143,547593
492,20200903,SC,,2807,8006,121696,969425
493,20200903,SD,,169,1052,14337,150537
494,20200903,TN,,1815,7125,159546,2265003
495,20200903,TX,,13091,0,625347,5107503
496,20200903,UT,,414,3153,53326,673659
497,20200903,VA,,2652,16525,123668,1624531
498,20200903,VI,,15,0,1144,16793
499,20200903,VT,,58,0,1637,140881
500,20200903,WA,,1935,6795,75377,1496353
501,20200903,WI,,1154,5946,82922,1282921
502,20200903,WV,,237,0,10845,445094
503,20200903,WY,,41,223,3939,77501
504,20200902,AK,,39,0,6233,376884
505,20200902,AL,,2217,14753,128239,964233
506,20200902,AR,,841,4341,62112,737449
507,20200902,AS,,0,0,0,1514
508,20200902,AZ,,5065,21449,202861,1213927
509,20200902,CA,,13163,0,712052,11580370
510,20200902,CO,,1853,7053,57775,1014642
511,20200902,CT,,4467,11180,53108,1203979
512,20200902,DC,,608,0,14077,294797
513,20200902,DE,,606,0,17549,240530
514,20200902,FL,,11651,39611,633442,4693802
515,20200902,GA,,5795,25025,274613,2381637
516,20200902,GU,,13,0,1494,38771
517,20200902,HI,,74,532,8653,202186
518,20200902,IA,,1126,0,64645,629654
519,20200902,ID,,368,1394,32368,259096
520,20200902,IL,,8300,0,240345,4121575
521,20200902,IN,,3325,11143,95750,1092596
522,20200902,KS,,458,2361,43940,419247
523,20200902,KY,,966,4652,49991,837211
524,20200902,LA,,5004,0,150734,1904779
525,20200902,MA,,9060,12295,121131,2478482
526,20200902,MD,,3766,14351,109319,1345646
527,20200902,ME,,133,423,4567,273032
528,20200902,MI,,6781,0,114468,2816816
529,20200902,MN,,1882,6566,77085,1150854
530,20200902,MO,,1542,0,87213,998097
531,20200902,MP,,2,4,57,13541
532,20200902,MS,,2526,5326,84365,581586
533,20200902,MT,,109,461,7691,253873
534,20200902,NC,,2779,0,170553,2315310
535,20200902,ND,,122,575,12270,464111
536,20200902,NE,,399,2014,34574,365641
537,20200902,NH,,432,715,7297,211281
538,20200902,NJ,,15964,22707,192595,2902267
539,20200902,NM,,787,3151,25460,765399
540,20200902,NV,,1336,0,69872,602308
541,20200902,NY,,25336,89995,436218,8428477
542,20200902,OH,,4176,13574,125767,2292748
543,20200902,OK,,821,4961,60118,893242
544,20200902,OR,,468,2167,27075,566382
545,20200902,PA,,7712,0,135611,1687696
546,20200902,PR,,443,0,34003,339975
547,20200902,RI,,1051,2542,22078,536139
548,20200902,SC,,2794,7948,120503,959032
549,20200902,SD,,169,1043,14003,148925
550,20200902,TN,,1797,7061,157831,2238231
551,20200902,TX,,12870,0,621667,5068862
552,20200902,UT,,410,3134,52822,668425
553,20200902,VA,,2641,16433,122542,1610691
554,20200902,VI,,15,0,1143,16486
555,20200902,VT,,58,0,1637,139096
556,20200902,WA,,1931,6787,74939,1480039
557,20200902,WI,,1150,5916,82182,1273730
558,20200902,WV,,230,0,10642,441585
559,20200902,WY,,41,221,3911,76810
560,20200901,AK,,39,0,6160,374255
561,20200901,AL,,2200,14538,127616,958920
562,20200901,AR,,814,4306,61497,731025
563,20200901,AS,,0,0,0,1514
564,20200901,AZ,,5044,21405,202342,1208990
565,20200901,CA,,13018,0,707797,11470696
566,20200901,CO,,1849,7028,57424,1009970
567,20200901,CT,,4466,11180,53006,1192338
568,20200901,DC,,607,0,14049,292844
569,20200901,DE,,605,0,17535,238423
570,20200901,FL,,11521,39311,631040,4675866
571,20200901,GA,,5733,24847,272697,2368498
572,20200901,GU,,13,0,1447,38322
573,20200901,HI,,70,508,8472,198182
574,20200901,IA,,1123,0,63919,623547
575,20200901,ID,,361,1394,32088,257689
576,20200901,IL,,8273,0,238217,4088824
577,20200901,IN,,3312,11094,94891,1083765
578,20200901,KS,,446,2304,42612,413249
579,20200901,KY,,948,4616,49185,830421
580,20200901,LA,,4984,0,149583,1890526
581,20200901,MA,,9064,12386,128888,2448341
582,20200901,MD,,3761,14337,108863,1338917
583,20200901,ME,,132,421,4548,268735
584,20200901,MI,,6767,0,113820,2789407
585,20200901,MN,,1872,6520,76355,1132922
586,20200901,MO,,1538,0,85755,991244
587,20200901,MP,,2,4,57,13541
588,20200901,MS,,2493,5326,83584,577517
589,20200901,MT,,105,447,7509,252296
590,20200901,NC,,2741,0,169424,2295698
591,20200901,ND,,122,564,12004,458586
592,20200901,NE,,397,2006,34287,363075
593,20200901,NH,,432,715,7297,211281
594,20200901,NJ,,15953,22667,192290,2859048
595,20200901,NM,,779,3134,25352,760874
596,20200901,NV,,1313,0,69633,600349
597,20200901,NY,,25331,89995,435510,8340030
598,20200901,OH,,4165,13479,124610,2269669
599,20200901,OK,,809,4903,59399,886912
600,20200901,OR,,465,2162,26946,561800
601,20200901,PA,,7691,0,134795,1674764
602,20200901,PR,,435,0,33421,339393
603,20200901,RI,,1050,2528,22002,530488
604,20200901,SC,,2757,7870,119846,954402
605,20200901,SD,,167,1036,13749,147595
606,20200901,TN,,1781,6978,156329,2217751
607,20200901,TX,,12681,0,617333,5033554
608,20200901,UT,,409,3110,52403,664521
609,20200901,VA,,2612,16238,121615,1598689
610,20200901,VI,,15,0,1139,16387
611,20200901,VT,,58,0,1635,138446
612,20200901,WA,,1915,6763,74635,1473245
613,20200901,WI,,1139,5878,81604,1265321
614,20200901,WV,,222,0,10507,438441
615,20200901,WY,,41,219,3866,76567
616,20200831,AK,,37,0,6125,348630
617,20200831,AL,,2182,14267,126058,985287
618,20200831,AR,,797,4213,61224,727035
619,20200831,AS,,0,0,0,1514
620,20200831,AZ,,5029,21405,201835,1204429
621,20200831,CA,,12933,0,704085,11373305
622,20200831,CO,,1843,7010,57223,1002802
623,20200831,CT,,4465,11180,52879,1173096
624,20200831,DC,,607,0,13992,290682
625,20200831,DE,,605,0,17429,236849
626,20200831,FL,,11331,38942,623471,4615539
627,20200831,GA,,5632,24604,270471,2343634
628,20200831,GU,,10,0,1395,37884
629,20200831,HI,,63,505,8339,196719
630,20200831,IA,,1116,0,63328,620872
631,20200831,ID,,359,1369,31867,256013
632,20200831,IL,,8235,0,236725,4065863
633,20200831,IN,,3296,11043,94196,1076947
634,20200831,KS,,446,2304,42612,413249
635,20200831,KY,,933,4580,48396,821320
636,20200831,LA,,4950,0,148894,1873490
637,20200831,MA,,9060,12364,128533,2404426
638,20200831,MD,,3755,14303,108249,1330853
639,20200831,ME,,132,420,4526,262935
640,20200831,MI,,6753,0,113025,2764431
641,20200831,MN,,1866,6480,75864,1128023
642,20200831,MO,,1530,0,84697,982955
643,20200831,MP,,2,4,56,13540
644,20200831,MS,,2473,5326,82950,573865
645,20200831,MT,,104,436,7421,250238
646,20200831,NC,,2702,0,167313,2256172
647,20200831,ND,,118,554,11810,456190
648,20200831,NE,,392,1994,34046,361351
649,20200831,NH,,432,714,7275,210916
650,20200831,NJ,,15948,22627,191960,2857918
651,20200831,NM,,770,3126,25283,756933
652,20200831,NV,,1305,0,69228,597921
653,20200831,NY,,25328,89995,434756,8263033
654,20200831,OH,,4138,13376,123157,2244104
655,20200831,OK,,800,4821,58733,865278
656,20200831,OR,,459,2149,26713,557228
657,20200831,PA,,7673,0,134025,1658220
658,20200831,PR,,434,0,33199,339171
659,20200831,RI,,1048,2519,21949,524414
660,20200831,SC,,2720,7811,118992,949548
661,20200831,SD,,167,1029,13509,146529
662,20200831,TN,,1754,6878,154933,2200999
663,20200831,TX,,12536,0,612969,4961553
664,20200831,UT,,407,3093,52107,659855
665,20200831,VA,,2580,16167,120594,1586551
666,20200831,VI,,14,0,1134,16234
667,20200831,VT,,58,0,1624,135721
668,20200831,WA,,1905,6740,74320,1461354
669,20200831,WI,,1130,5817,80568,1253422
670,20200831,WV,,214,0,10250,436047
671,20200831,WY,,37,215,3842,76273
672,20200830,AK,,37,0,6086,346839
673,20200830,AL,,2162,14267,125235,981062
674,20200830,AR,,784,4182,60856,712687
675,20200830,AS,,0,0,0,1514
676,20200830,AZ,,5030,21421,201661,1199441
677,20200830,CA,,12905,0,699909,11231829
678,20200830,CO,,1843,6993,57041,994951
679,20200830,CT,,4465,11180,52495,1127506
680,20200830,DC,,606,0,13959,288089
681,20200830,DE,,604,0,17343,234661
682,20200830,FL,,11263,38857,621586,4599608
683,20200830,GA,,5604,24572,268973,2327490
684,20200830,GU,,10,0,1347,37460
685,20200830,HI,,62,497,8139,193935
686,20200830,IA,,1113,0,62720,617095
687,20200830,ID,,358,1365,31677,254325
688,20200830,IL,,8228,0,235057,4018484
689,20200830,IN,,3291,10843,93313,1065356
690,20200830,KS,,443,2278,41048,403147
691,20200830,KY,,930,4560,48032,816114
692,20200830,LA,,4931,0,148568,1869451
693,20200830,MA,,9049,12361,128229,2372564
694,20200830,MD,,3752,14255,107791,1319238
695,20200830,ME,,132,420,4512,259661
696,20200830,MI,,6748,0,112526,2744794
697,20200830,MN,,1865,6454,75189,1122071
698,20200830,MO,,1508,0,83655,974237
699,20200830,MP,,2,4,56,13540
700,20200830,MS,,2441,5300,82676,569164
701,20200830,MT,,104,432,7340,246661
702,20200830,NC,,2692,0,166127,2243273
703,20200830,ND,,118,554,11696,454409
704,20200830,NE,,392,1992,33753,357945
705,20200830,NH,,432,714,7254,209295
706,20200830,NJ,,15940,22627,191611,2836334
707,20200830,NM,,769,3116,25178,752522
708,20200830,NV,,1302,0,68908,595685
709,20200830,NY,,25327,89995,434100,8196792
710,20200830,OH,,4128,13317,122262,2196860
711,20200830,OK,,799,4814,58020,864565
712,20200830,OR,,458,2108,26554,553345
713,20200830,PA,,7673,0,133504,1649403
714,20200830,PR,,434,0,32848,338820
715,20200830,RI,,1047,2519,21903,520478
716,20200830,SC,,2709,7782,118324,942873
717,20200830,SD,,167,1017,13322,145651
718,20200830,TN,,1747,6840,153115,2189010
719,20200830,TX,,12510,0,610354,4924712
720,20200830,UT,,407,3080,51854,655507
721,20200830,VA,,2569,16089,119747,1573427
722,20200830,VI,,14,0,1129,16106
723,20200830,VT,,58,0,1616,133275
724,20200830,WA,,1905,6740,74320,1461354
725,20200830,WI,,1130,5804,80300,1249602
726,20200830,WV,,213,0,10110,431122
727,20200830,WY,,37,215,3820,75293
728,20200829,AK,,37,0,6035,345695
729,20200829,AL,,2152,14267,123889,975818
730,20200829,AR,,772,4142,60378,706970
731,20200829,AS,,0,0,0,1514
732,20200829,AZ,,5007,21433,201287,1192376
733,20200829,CA,,12834,0,693839,11109630
734,20200829,CO,,1843,6945,56773,985622
735,20200829,CT,,4465,11180,52495,1127506
736,20200829,DC,,605,0,13925,285756
737,20200829,DE,,604,0,17349,232884
738,20200829,FL,,11249,38761,619003,4575211
739,20200829,GA,,5576,24533,267758,2312179
740,20200829,GU,,10,0,1347,37460
741,20200829,HI,,59,485,7830,190910
742,20200829,IA,,1108,0,61749,612579
743,20200829,ID,,353,1349,31384,251050
744,20200829,IL,,8217,0,233065,3974791
745,20200829,IN,,3285,10839,92434,1055793
746,20200829,KS,,443,2278,41048,403147
747,20200829,KY,,921,4560,47577,815659
748,20200829,LA,,4904,0,146944,1829179
749,20200829,MA,,9036,12358,128030,2339669
750,20200829,MD,,3746,14217,107294,1304483
751,20200829,ME,,132,418,4489,255358
752,20200829,MI,,6712,0,111136,2683874
753,20200829,MN,,1863,6411,74257,1111137
754,20200829,MO,,1496,0,82190,965326
755,20200829,MP,,2,4,56,13542
756,20200829,MS,,2427,5300,82029,568517
757,20200829,MT,,104,429,7251,245381
758,20200829,NC,,2683,0,165076,2218149
759,20200829,ND,,118,551,11475,450858
760,20200829,NE,,392,1982,33436,355218
761,20200829,NH,,432,714,7246,207340
762,20200829,NJ,,15936,22617,191320,2807747
763,20200829,NM,,767,3106,25042,747277
764,20200829,NV,,1302,0,68461,592521
765,20200829,NY,,25319,89995,433402,8096770
766,20200829,OH,,4126,13288,121340,2171126
767,20200829,OK,,797,4794,57353,863898
768,20200829,OR,,454,2108,26293,548850
769,20200829,PA,,7671,0,132834,1636942
770,20200829,PR,,428,0,32550,338522
771,20200829,RI,,1047,2514,21857,515142
772,20200829,SC,,2698,7765,117249,935623
773,20200829,SD,,167,1006,12942,144506
774,20200829,TN,,1725,6751,152280,2177005
775,20200829,TX,,12420,0,606530,4900972
776,20200829,UT,,407,3057,51406,650560
777,20200829,VA,,2568,16058,118809,1560673
778,20200829,VI,,14,0,1118,15832
779,20200829,VT,,58,0,1605,130180
780,20200829,WA,,1905,6679,73301,1423771
781,20200829,WI,,1127,5775,79730,1244470
782,20200829,WV,,212,0,9967,426257
783,20200829,WY,,37,215,3784,75257
784,20200828,AK,,37,0,5923,339538
785,20200828,AL,,2107,14267,122185,964863
786,20200828,AR,,756,4142,59583,698055
787,20200828,AS,,0,0,0,1514
788,20200828,AZ,,4978,21428,200658,1184077
789,20200828,CA,,12690,0,688858,11010637
790,20200828,CO,,1835,6928,56343,972990
791,20200828,CT,,4465,11180,52495,1127506
792,20200828,DC,,605,0,13851,281549
793,20200828,DE,,604,0,17083,231041
794,20200828,FL,,11099,38474,615806,4547677
795,20200828,GA,,5471,24335,265372,2286984
796,20200828,GU,,10,0,1287,36926
797,20200828,HI,,55,462,7566,188153
798,20200828,IA,,1095,0,60971,607159
799,20200828,ID,,343,1328,31122,249187
800,20200828,IL,,8206,0,231185,3926007
801,20200828,IN,,3277,10818,91313,1044049
802,20200828,KS,,443,2278,41048,403147
803,20200828,KY,,918,4532,46757,804650
804,20200828,LA,,4904,0,146944,1829179
805,20200828,MA,,9023,12334,127584,2290752
806,20200828,MD,,3736,14184,106664,1291270
807,20200828,ME,,132,417,4436,251173
808,20200828,MI,,6712,0,111136,2683874
809,20200828,MN,,1859,6357,73240,1101710
810,20200828,MO,,1464,0,80992,954633
811,20200828,MP,,2,4,54,13540
812,20200828,MS,,2413,5279,81294,562882
813,20200828,MT,,100,417,7063,242875
814,20200828,NC,,2652,0,162491,2182891
815,20200828,ND,,118,550,11102,443180
816,20200828,NE,,391,1968,33101,352419
817,20200828,NH,,432,713,7216,206157
818,20200828,NJ,,15933,22586,190971,2749194
819,20200828,NM,,764,3091,24920,740366
820,20200828,NV,,1287,0,67852,588551
821,20200828,NY,,25312,89995,432767,8002897
822,20200828,OH,,4105,13221,120124,2141055
823,20200828,OK,,786,4719,56260,855780
824,20200828,OR,,447,2108,26054,543867
825,20200828,PA,,7655,0,131991,1620826
826,20200828,PR,,424,0,31988,337960
827,20200828,RI,,1046,2496,21683,504904
828,20200828,SC,,2655,7598,115951,926509
829,20200828,SD,,165,995,12517,142940
830,20200828,TN,,1701,6751,150815,2155504
831,20200828,TX,,12266,0,601768,4842362
832,20200828,UT,,407,3041,50948,647745
833,20200828,VA,,2550,15967,117592,1544436
834,20200828,VI,,14,0,1075,15379
835,20200828,VT,,58,0,1589,126755
836,20200828,WA,,1890,6674,72703,1408164
837,20200828,WI,,1121,5736,78868,1235675
838,20200828,WV,,202,0,9824,419581
839,20200828,WY,,37,215,3763,75236
840,20200827,AK,,37,0,5801,336220
841,20200827,AL,,2076,14005,121023,956809
842,20200827,AR,,739,4104,58745,690028
843,20200827,AS,,0,0,0,1514
844,20200827,AZ,,4929,21426,200139,1174928
845,20200827,CA,,12550,0,683529,10918415
846,20200827,CO,,1835,6902,55993,962754
847,20200827,CT,,4465,11180,52350,1113496
848,20200827,DC,,605,0,13794,276704
849,20200827,DE,,604,0,16976,228059
850,20200827,FL,,11011,38163,611991,4517364
851,20200827,GA,,5393,24127,263074,2268837
852,20200827,GU,,10,0,1232,36356
853,20200827,HI,,51,444,7260,185675
854,20200827,IA,,1083,0,59786,601643
855,20200827,ID,,337,1304,30780,246671
856,20200827,IL,,8186,0,228751,3877339
857,20200827,IN,,3266,10747,90504,1034746
858,20200827,KS,,437,2226,39937,395097
859,20200827,KY,,910,4501,45978,792885
860,20200827,LA,,4874,0,146338,1818904
861,20200827,MA,,9007,12318,127124,2246626
862,20200827,MD,,3722,14141,106063,1275082
863,20200827,ME,,132,415,4414,245927
864,20200827,MI,,6706,0,110343,2650831
865,20200827,MN,,1855,6326,72390,1093490
866,20200827,MO,,1450,0,79574,943023
867,20200827,MP,,2,4,54,13540
868,20200827,MS,,2399,5267,80695,556638
869,20200827,MT,,98,412,6929,240659
870,20200827,NC,,2630,0,161076,2152725
871,20200827,ND,,118,534,10790,435666
872,20200827,NE,,386,1954,32727,348575
873,20200827,NH,,431,713,7194,204017
874,20200827,NJ,,15924,22560,190613,2748836
875,20200827,NM,,755,3074,24732,734220
876,20200827,NV,,1271,0,67220,584232
877,20200827,NY,,25309,89995,432131,7905071
878,20200827,OH,,4076,13150,118828,2116289
879,20200827,OK,,778,4673,55550,845849
880,20200827,OR,,438,2093,25761,538716
881,20200827,PA,,7635,0,131156,1602921
882,20200827,PR,,412,0,31383,337355
883,20200827,RI,,1044,2485,21589,495575
884,20200827,SC,,2628,7598,114598,918019
885,20200827,SD,,162,983,12194,141283
886,20200827,TN,,1673,6677,149179,2128229
887,20200827,TX,,12070,0,597737,4793914
888,20200827,UT,,403,3015,50557,642761
889,20200827,VA,,2515,15938,115458,1507542
890,20200827,VI,,14,0,1052,15196
891,20200827,VT,,58,0,1586,124831
892,20200827,WA,,1880,6640,72161,1391309
893,20200827,WI,,1119,5684,78004,1226498
894,20200827,WV,,199,0,9633,413809
895,20200827,WY,,37,215,3722,74532
896,20200826,AK,,37,0,5719,334804
897,20200826,AL,,2045,14005,119254,943685
898,20200826,AR,,732,4061,58023,683273
899,20200826,AS,,0,0,0,1514
900,20200826,AZ,,4896,21376,199459,1166910
901,20200826,CA,,12407,0,679099,10832757
902,20200826,CO,,1826,6894,55800,955641
903,20200826,CT,,4463,11087,52220,1098035
904,20200826,DC,,605,0,13722,273748
905,20200826,DE,,604,0,16986,227095
906,20200826,FL,,10872,37847,608722,4492818
907,20200826,GA,,5311,23939,260590,2248901
908,20200826,GU,,9,0,1120,35354
909,20200826,HI,,49,419,6984,183157
910,20200826,IA,,1067,0,58235,593808
911,20200826,ID,,326,1285,30475,244862
912,20200826,IL,,8163,0,227044,3832829
913,20200826,IN,,3259,10605,89359,1022537
914,20200826,KS,,437,2226,39937,395097
915,20200826,KY,,902,4446,45230,783389
916,20200826,LA,,4851,0,145661,1808868
917,20200826,MA,,8987,12299,126756,2194342
918,20200826,MD,,3717,14090,105486,1263171
919,20200826,ME,,132,412,4389,241996
920,20200826,MI,,6690,0,109480,2620352
921,20200826,MN,,1842,6274,71236,1079047
922,20200826,MO,,1449,0,78062,932140
923,20200826,MP,,2,4,54,12921
924,20200826,MS,,2373,5234,80110,551790
925,20200826,MT,,98,402,6785,238260
926,20200826,NC,,2606,0,158985,2121001
927,20200826,ND,,117,525,10457,429052
928,20200826,NE,,383,1946,32348,344760
929,20200826,NH,,430,713,7159,201835
930,20200826,NJ,,15917,22509,190306,2721584
931,20200826,NM,,750,3050,24535,728627
932,20200826,NV,,1250,0,66666,581155
933,20200826,NY,,25305,89995,431340,7821634
934,20200826,OH,,4044,13043,117584,2047906
935,20200826,OK,,763,4609,54838,837384
936,20200826,OR,,433,2063,25571,532738
937,20200826,PA,,7624,0,130536,1588178
938,20200826,PR,,404,0,30744,336716
939,20200826,RI,,1041,2478,21454,485026
940,20200826,SC,,2573,7598,114093,910079
941,20200826,SD,,162,981,11851,138045
942,20200826,TN,,1648,6603,147353,2102121
943,20200826,TX,,11805,0,592137,4764640
944,20200826,UT,,401,2996,50174,637329
945,20200826,VA,,2515,15852,115458,1507542
946,20200826,VI,,14,0,1030,14965
947,20200826,VT,,58,0,1577,122841
948,20200826,WA,,1876,6595,71705,1380104
949,20200826,WI,,1108,5651,77092,1215673
950,20200826,WV,,190,0,9540,409605
951,20200826,WY,,37,213,3684,70578
952,20200825,AK,,36,0,5666,333831
953,20200825,AL,,2037,13793,117242,927277
954,20200825,AR,,711,4013,57374,674184
955,20200825,AS,,0,0,0,1514
956,20200825,AZ,,4792,21365,199273,1162204
957,20200825,CA,,12257,0,673095,10762506
958,20200825,CO,,1824,6845,55341,947645
959,20200825,CT,,4463,11087,52040,1082706
960,20200825,DC,,604,0,13684,271622
961,20200825,DE,,603,0,16962,225328
962,20200825,FL,,10717,37477,605502,4466524
963,20200825,GA,,5262,23717,258354,2230850
964,20200825,GU,,7,0,984,34402
965,20200825,HI,,49,419,6984,180850
966,20200825,IA,,1052,0,57294,587743
967,20200825,ID,,314,1269,30070,240095
968,20200825,IL,,8126,0,224887,3782467
969,20200825,IN,,3241,10417,88421,1010981
970,20200825,KS,,426,2183,38401,386957
971,20200825,KY,,895,4446,44568,775468
972,20200825,LA,,4797,0,144116,1794062
973,20200825,MA,,8960,12279,126420,2157864
974,20200825,MD,,3707,14051,105046,1255565
975,20200825,ME,,131,410,4368,237374
976,20200825,MI,,6684,0,108637,2579175
977,20200825,MN,,1825,6238,70707,1072526
978,20200825,MO,,1440,0,76636,924078
979,20200825,MP,,2,4,54,12921
980,20200825,MS,,2315,5208,79206,547261
981,20200825,MT,,97,394,6624,236507
982,20200825,NC,,2570,0,157741,2102359
983,20200825,ND,,115,519,10223,424792
984,20200825,NE,,383,1930,32047,340481
985,20200825,NH,,429,713,7150,199871
986,20200825,NJ,,15907,22468,190021,2697895
987,20200825,NM,,747,3041,24469,723801
988,20200825,NV,,1230,0,66413,579282
989,20200825,NY,,25297,89995,430774,7750445
990,20200825,OH,,3996,12956,116495,2027874
991,20200825,OK,,744,4527,54172,830831
992,20200825,OR,,428,2038,25391,528009
993,20200825,PA,,7605,0,130035,1575205
994,20200825,PR,,395,0,30720,336692
995,20200825,RI,,1039,2474,21372,479383
996,20200825,SC,,2529,7598,113488,906107
997,20200825,SD,,161,974,11559,137733
998,20200825,TN,,1628,6515,145417,2074612
999,20200825,TX,,11576,0,586730,4724559
1000,20200825,UT,,397,2969,49767,630599
1001,20200825,VA,,2494,15755,114635,1499970
1002,20200825,VI,,12,0,998,14611
1003,20200825,VT,,58,0,1572,122078
1004,20200825,WA,,1867,6542,71681,1380050
1005,20200825,WI,,1102,5610,76306,1205277
1006,20200825,WV,,187,0,9395,403570
1007,20200825,WY,,37,213,3634,70528
1008,20200824,AK,,32,0,5628,330503
1009,20200824,AL,,2024,13793,116710,923319
1010,20200824,AR,,696,3962,56894,673704
1011,20200824,AS,,0,0,0,1514
1012,20200824,AZ,,4771,21219,198414,1157222
1013,20200824,CA,,12152,0,668615,10652487
1014,20200824,CO,,1815,6841,55143,938596
1015,20200824,CT,,4460,11087,52011,1077716
1016,20200824,DC,,604,0,13639,269401
1017,20200824,DE,,604,0,16942,223501
1018,20200824,FL,,10534,37032,602829,4447156
1019,20200824,GA,,5156,23425,256253,2205181
1020,20200824,GU,,7,0,907,33471
1021,20200824,HI,,47,396,6600,178824
1022,20200824,IA,,1044,0,56633,584098
1023,20200824,ID,,307,1256,29853,238585
1024,20200824,IL,,8097,0,223207,3741608
1025,20200824,IN,,3225,10343,87592,1002038
1026,20200824,KS,,426,2183,38401,386957
1027,20200824,KY,,885,4399,43899,767464
1028,20200824,LA,,4764,0,143566,1772481
1029,20200824,MA,,8948,12268,126022,2122991
1030,20200824,MD,,3694,14007,104669,1247593
1031,20200824,ME,,131,409,4356,234856
1032,20200824,MI,,6663,0,107686,2554894
1033,20200824,MN,,1817,6195,70298,1067810
1034,20200824,MO,,1426,0,75944,919712
1035,20200824,MP,,2,4,54,12921
1036,20200824,MS,,2248,5179,78405,542662
1037,20200824,MT,,91,383,6489,233673
1038,20200824,NC,,2535,0,156396,2087695
1039,20200824,ND,,112,505,9989,421705
1040,20200824,NE,,378,1910,31889,339600
1041,20200824,NH,,429,712,7134,198229
1042,20200824,NJ,,15903,22452,189719,2676812
1043,20200824,NM,,745,3031,24396,719300
1044,20200824,NV,,1200,0,66010,576677
1045,20200824,NY,,25295,89995,430145,7683190
1046,20200824,OH,,3986,12859,115651,2004200
1047,20200824,OK,,730,4431,53522,812857
1048,20200824,OR,,420,2028,25155,523337
1049,20200824,PA,,7579,0,129474,1562838
1050,20200824,PR,,390,0,30618,336590
1051,20200824,RI,,1035,2460,21302,473670
1052,20200824,SC,,2511,7439,112551,896477
1053,20200824,SD,,161,965,11425,137463
1054,20200824,TN,,1588,6421,144604,2059354
1055,20200824,TX,,11395,0,580384,4670875
1056,20200824,UT,,390,2941,49364,626354
1057,20200824,VA,,2471,15609,113630,1483980
1058,20200824,VI,,11,0,984,14442
1059,20200824,VT,,58,0,1566,121390
1060,20200824,WA,,1863,6530,71681,1380050
1061,20200824,WI,,1089,5573,75619,1195241
1062,20200824,WV,,179,0,9312,398654
1063,20200824,WY,,37,211,3603,66022
1064,20200823,AK,,32,0,5558,327440
1065,20200823,AL,,2013,13502,115060,921669
1066,20200823,AR,,687,3920,56574,665700
1067,20200823,AS,,0,0,0,1514
1068,20200823,AZ,,4771,21241,198103,1150869
1069,20200823,CA,,12134,0,663669,10541031
1070,20200823,CO,,1815,6831,54883,930152
1071,20200823,CT,,4460,11087,51519,1022370
1072,20200823,DC,,604,0,13590,266046
1073,20200823,DE,,600,0,16895,221845
1074,20200823,FL,,10462,36903,600571,4428633
1075,20200823,GA,,5132,23369,253949,2171884
1076,20200823,GU,,7,0,820,32591
1077,20200823,HI,,47,377,6356,176184
1078,20200823,IA,,1036,0,56275,581976
1079,20200823,ID,,306,1246,29662,237280
1080,20200823,IL,,8089,0,221595,3705453
1081,20200823,IN,,3220,10281,85932,977802
1082,20200823,KS,,419,2159,36856,366315
1083,20200823,KY,,881,4362,43529,749731
1084,20200823,LA,,4746,0,142943,1763838
1085,20200823,MA,,8921,12256,125360,2064529
1086,20200823,MD,,3691,13956,104102,1232896
1087,20200823,ME,,131,408,4335,231701
1088,20200823,MI,,6659,0,106808,2533472
1089,20200823,MN,,1813,6151,69584,1060320
1090,20200823,MO,,1426,0,75075,914833
1091,20200823,MP,,2,4,54,12921
1092,20200823,MS,,2240,5149,77894,534248
1093,20200823,MT,,90,379,6429,210749
1094,20200823,NC,,2531,0,155113,2078472
1095,20200823,ND,,112,501,9863,419309
1096,20200823,NE,,376,1907,31780,338361
1097,20200823,NH,,429,711,7107,196064
1098,20200823,NJ,,15900,22448,189494,2648998
1099,20200823,NM,,743,3030,24302,705162
1100,20200823,NV,,1197,0,65601,574229
1101,20200823,NY,,25288,89995,429737,7621159
1102,20200823,OH,,3978,12800,114802,1983889
1103,20200823,OK,,726,4422,53165,812500
1104,20200823,OR,,417,1984,24937,519820
1105,20200823,PA,,7578,0,129048,1553020
1106,20200823,PR,,390,0,29896,335868
1107,20200823,RI,,1035,2460,21263,470162
1108,20200823,SC,,2504,7439,111988,892336
1109,20200823,SD,,161,959,11276,136760
1110,20200823,TN,,1567,6378,143937,2045193
1111,20200823,TX,,11370,0,577537,4668028
1112,20200823,UT,,385,2926,49115,624836
1113,20200823,VA,,2467,15598,112966,1470887
1114,20200823,VI,,10,0,960,14318
1115,20200823,VT,,58,0,1557,120043
1116,20200823,WA,,1857,6500,71659,1379036
1117,20200823,WI,,1089,5558,75205,1190354
1118,20200823,WV,,178,0,9272,396193
1119,20200823,WY,,37,207,3579,64892
1120,20200822,AK,,31,0,5494,326287
1121,20200822,AL,,2011,13502,114532,916282
1122,20200822,AR,,674,3908,56199,659138
1123,20200822,AS,,0,0,0,1514
1124,20200822,AZ,,4756,21271,197895,1144134
1125,20200822,CA,,11988,0,656892,10436352
1126,20200822,CO,,1815,6808,54586,918926
1127,20200822,CT,,4460,11087,51519,1022370
1128,20200822,DC,,604,0,13534,262440
1129,20200822,DE,,600,0,16828,219876
1130,20200822,FL,,10411,36764,597597,4401847
1131,20200822,GA,,5092,23325,252222,2149170
1132,20200822,GU,,7,0,767,31516
1133,20200822,HI,,46,337,6072,173550
1134,20200822,IA,,1031,0,55735,578355
1135,20200822,ID,,304,1233,29369,235853
1136,20200822,IL,,8083,0,219702,3651102
1137,20200822,IN,,3218,10219,85317,969646
1138,20200822,KS,,419,2159,36856,366315
1139,20200822,KY,,864,4362,42265,748467
1140,20200822,LA,,4687,0,141720,1738807
1141,20200822,MA,,8921,12256,125360,2064529
1142,20200822,MD,,3685,13864,103523,1220441
1143,20200822,ME,,130,407,4317,227751
1144,20200822,MI,,6655,0,106044,2459039
1145,20200822,MN,,1807,6113,68867,1051256
1146,20200822,MO,,1425,0,74257,904694
1147,20200822,MP,,2,4,54,12921
1148,20200822,MS,,2237,5149,77268,533622
1149,20200822,MT,,90,378,6376,209716
1150,20200822,NC,,2521,0,153641,2052118
1151,20200822,ND,,112,499,9724,414907
1152,20200822,NE,,376,1891,31626,336582
1153,20200822,NH,,429,710,7092,194675
1154,20200822,NJ,,15897,22445,189236,2648740
1155,20200822,NM,,739,3018,24095,704955
1156,20200822,NV,,1197,0,65069,570126
1157,20200822,NY,,25282,89995,429165,7547116
1158,20200822,OH,,3975,12778,114165,1960628
1159,20200822,OK,,725,4368,52599,811934
1160,20200822,OR,,417,1984,24710,516464
1161,20200822,PA,,7576,0,128429,1540553
1162,20200822,PR,,381,0,29577,335549
1163,20200822,RI,,1035,2455,21175,464672
1164,20200822,SC,,2493,7439,111295,912132
1165,20200822,SD,,160,951,11135,135630
1166,20200822,TN,,1563,6328,142083,2007760
1167,20200822,TX,,11266,0,573139,4640860
1168,20200822,UT,,385,2899,48814,622363
1169,20200822,VA,,2443,15507,112072,1458475
1170,20200822,VI,,10,0,960,14318
1171,20200822,VT,,58,0,1553,118604
1172,20200822,WA,,1850,6469,71598,1376533
1173,20200822,WI,,1089,5545,74726,1185514
1174,20200822,WV,,176,0,9185,391858
1175,20200822,WY,,37,203,3543,64856
1176,20200821,AK,,30,0,5403,321535
1177,20200821,AL,,1990,13330,112770,897100
1178,20200821,AR,,663,3856,55652,658591
1179,20200821,AS,,0,0,0,1514
1180,20200821,AZ,,4688,21210,196899,1127988
1181,20200821,CA,,11821,0,650336,10329372
1182,20200821,CO,,1815,6797,54230,906693
1183,20200821,CT,,4460,11087,51519,1022370
1184,20200821,DC,,602,0,13469,259058
1185,20200821,DE,,600,0,16770,218008
1186,20200821,FL,,10304,36425,593286,4367212
1187,20200821,GA,,4998,23125,249630,2120102
1188,20200821,GU,,7,0,767,31516
1189,20200821,HI,,45,317,5844,168672
1190,20200821,IA,,1021,0,55006,573139
1191,20200821,ID,,298,1226,29120,233780
1192,20200821,IL,,8066,0,217346,3594336
1193,20200821,IN,,3208,10132,84317,958432
1194,20200821,KS,,419,2159,36856,366315
1195,20200821,KY,,864,4362,42265,748467
1196,20200821,LA,,4687,0,141720,1738807
1197,20200821,MA,,8901,12245,125216,2050871
1198,20200821,MD,,3674,13823,102899,1204267
1199,20200821,ME,,129,407,4285,223865
1200,20200821,MI,,6634,0,104618,2425702
1201,20200821,MN,,1799,6064,68133,1041537
1202,20200821,MO,,1419,0,72964,896106
1203,20200821,MP,,2,4,54,12921
1204,20200821,MS,,2214,5127,76323,529802
1205,20200821,MT,,89,363,6216,208627
1206,20200821,NC,,2494,0,151912,2030885
1207,20200821,ND,,112,491,9468,408284
1208,20200821,NE,,373,1877,31348,333767
1209,20200821,NH,,428,710,7050,189682
1210,20200821,NJ,,15895,22393,188817,2615692
1211,20200821,NM,,734,3009,23951,694824
1212,20200821,NV,,1185,0,64433,566311
1213,20200821,NY,,25278,89995,428512,7452267
1214,20200821,OH,,3955,12719,113046,1936895
1215,20200821,OK,,715,4316,51746,800902
1216,20200821,OR,,414,1984,24421,511321
1217,20200821,PA,,7558,0,127633,1527142
1218,20200821,PR,,374,0,28846,334818
1219,20200821,RI,,1030,2438,21022,454977
1220,20200821,SC,,2459,7439,110378,903181
1221,20200821,SD,,159,948,10884,133775
1222,20200821,TN,,1549,6255,140844,1981238
1223,20200821,TX,,11051,0,567580,4580026
1224,20200821,UT,,383,2870,48445,619397
1225,20200821,VA,,2436,15482,110860,1441961
1226,20200821,VI,,10,0,932,13827
1227,20200821,VT,,58,0,1541,116998
1228,20200821,WA,,1837,6400,71414,1369264
1229,20200821,WI,,1075,5505,73751,1176789
1230,20200821,WV,,170,0,9066,384319
1231,20200821,WY,,37,203,3524,64837
1232,20200820,AK,,29,0,5332,312647
1233,20200820,AL,,1974,13330,112449,896779
1234,20200820,AR,,641,3790,54765,648509
1235,20200820,AS,,0,0,0,1514
1236,20200820,AZ,,4684,21143,196280,1118443
1237,20200820,CA,,11686,0,644751,10227966
1238,20200820,CO,,1800,6784,53901,895207
1239,20200820,CT,,4458,11087,51432,1014840
1240,20200820,DC,,601,0,13409,253985
1241,20200820,DE,,595,0,16718,216956
1242,20200820,FL,,10186,36070,588602,4335752
1243,20200820,GA,,4904,22880,246741,2096835
1244,20200820,GU,,6,0,704,30692
1245,20200820,HI,,45,317,5844,168672
1246,20200820,IA,,1014,0,54015,568191
1247,20200820,ID,,291,1200,28696,231147
1248,20200820,IL,,8044,0,215053,3542515
1249,20200820,IN,,3191,10145,83277,945471
1250,20200820,KS,,411,2090,35890,359840
1251,20200820,KY,,856,4349,41626,739718
1252,20200820,LA,,4637,0,140821,1719034
1253,20200820,MA,,8888,12225,124728,2009062
1254,20200820,MD,,3669,13785,102229,1187676
1255,20200820,ME,,128,405,4253,220185
1256,20200820,MI,,6634,0,104618,2425702
1257,20200820,MN,,1791,6019,67308,1030093
1258,20200820,MO,,1417,0,71733,885874
1259,20200820,MP,,2,4,54,12921
1260,20200820,MS,,2190,5097,75449,527626
1261,20200820,MT,,89,357,6072,207560
1262,20200820,NC,,2465,0,149904,2003307
1263,20200820,ND,,112,478,9237,401757
1264,20200820,NE,,371,1851,31040,330408
1265,20200820,NH,,428,710,7050,189682
1266,20200820,NJ,,15886,22359,188527,2585207
1267,20200820,NM,,729,3002,23749,688495
1268,20200820,NV,,1172,0,63584,560963
1269,20200820,NY,,25275,89995,427803,7353387
1270,20200820,OH,,3929,12615,112003,1911359
1271,20200820,OK,,709,4268,50669,790894
1272,20200820,OR,,412,1979,24165,506367
1273,20200820,PA,,7538,0,126940,1513011
1274,20200820,PR,,367,0,28143,334115
1275,20200820,RI,,1028,2431,20871,444574
1276,20200820,SC,,2401,7146,109320,892800
1277,20200820,SD,,157,940,10691,132108
1278,20200820,TN,,1488,6156,139175,1952103
1279,20200820,TX,,10793,0,562559,4547069
1280,20200820,UT,,381,2853,47982,615804
1281,20200820,VA,,2427,15357,109882,1422928
1282,20200820,VI,,10,0,869,13542
1283,20200820,VT,,58,0,1537,115459
1284,20200820,WA,,1822,6388,70973,1356868
1285,20200820,WI,,1074,5469,72903,1166197
1286,20200820,WV,,166,0,8982,377713
1287,20200820,WY,,34,202,3468,64174
1288,20200819,AK,,29,0,5247,310849
1289,20200819,AL,,1944,13080,111478,885346
1290,20200819,AR,,631,3743,54216,641280
1291,20200819,AS,,0,0,0,1514
1292,20200819,AZ,,4634,21020,195557,1111239
1293,20200819,CA,,11523,0,638831,10140683
1294,20200819,CO,,1788,6781,53631,887859
1295,20200819,CT,,4457,11015,51314,1002420
1296,20200819,DC,,600,0,13354,251659
1297,20200819,DE,,595,0,16643,214869
1298,20200819,FL,,10067,35620,584047,4306239
1299,20200819,GA,,4849,22664,243982,2075697
1300,20200819,GU,,5,0,599,29750
1301,20200819,HI,,42,303,5609,166113
1302,20200819,IA,,1006,0,53288,562322
1303,20200819,ID,,282,1170,28326,229123
1304,20200819,IL,,8017,0,213221,3490903
1305,20200819,IN,,3180,10090,82336,934033
1306,20200819,KS,,411,2090,35890,359840
1307,20200819,KY,,842,4301,40926,730820
1308,20200819,LA,,4609,0,139903,1704974
1309,20200819,MA,,8876,12213,124415,1974918
1310,20200819,MD,,3661,13744,101649,1175768
1311,20200819,ME,,127,403,4234,217242
1312,20200819,MI,,6618,0,104091,2395188
1313,20200819,MN,,1784,5988,66618,1020926
1314,20200819,MO,,1414,0,70675,874795
1315,20200819,MP,,2,4,54,12920
1316,20200819,MS,,2163,5063,74555,526732
1317,20200819,MT,,84,348,5956,206533
1318,20200819,NC,,2431,0,147932,1978094
1319,20200819,ND,,110,478,8963,394303
1320,20200819,NE,,368,1835,30825,328378
1321,20200819,NH,,427,712,7036,188009
1322,20200819,NJ,,15880,22311,188427,2557712
1323,20200819,NM,,723,2998,23579,683053
1324,20200819,NV,,1134,0,63028,556526
1325,20200819,NY,,25270,89995,427202,7272403
1326,20200819,OH,,3907,12529,110881,1888470
1327,20200819,OK,,699,4192,49923,782740
1328,20200819,OR,,408,1958,23870,501156
1329,20200819,PA,,7523,0,126149,1494467
1330,20200819,PR,,356,0,27934,333906
1331,20200819,RI,,1027,2419,20795,440127
1332,20200819,SC,,2360,7146,108411,884128
1333,20200819,SD,,155,935,10566,131047
1334,20200819,TN,,1452,6069,137800,1928954
1335,20200819,TX,,10559,0,557256,4517189
1336,20200819,UT,,377,2832,47521,610362
1337,20200819,VA,,2410,15232,109019,1407015
1338,20200819,VI,,9,0,828,13345
1339,20200819,VT,,58,0,1533,113897
1340,20200819,WA,,1809,6358,70530,1344043
1341,20200819,WI,,1067,5430,72134,1156297
1342,20200819,WV,,166,0,8801,369724
1343,20200819,WY,,34,197,3430,63094
1344,20200818,AK,,29,0,5177,310009
1345,20200818,AL,,1936,12958,110361,868259
1346,20200818,AR,,619,3695,53487,633062
1347,20200818,AS,,0,0,0,1514
1348,20200818,AZ,,4529,20878,194920,1103997
1349,20200818,CA,,11342,0,632667,10049039
1350,20200818,CO,,1778,6739,53370,881252
1351,20200818,CT,,4456,11015,51255,992731
1352,20200818,DC,,599,0,13325,249478
1353,20200818,DE,,593,0,16593,213845
1354,20200818,FL,,9893,35112,579932,4279040
1355,20200818,GA,,4794,22429,241677,2060319
1356,20200818,GU,,5,0,577,29226
1357,20200818,HI,,40,288,5215,164199
1358,20200818,IA,,989,0,52951,557098
1359,20200818,ID,,273,1129,27942,226869
1360,20200818,IL,,7993,0,210926,3440604
1361,20200818,IN,,3165,10037,81847,928614
1362,20200818,KS,,405,2034,35167,354262
1363,20200818,KY,,830,4252,40299,726900
1364,20200818,LA,,4554,0,139125,1689991
1365,20200818,MA,,8839,12192,123588,1946517
1366,20200818,MD,,3650,13698,101235,1167305
1367,20200818,ME,,127,401,4213,214326
1368,20200818,MI,,6608,0,103403,2362525
1369,20200818,MN,,1767,5932,66061,1003306
1370,20200818,MO,,1402,0,69417,867481
1371,20200818,MP,,2,4,54,12920
1372,20200818,MS,,2128,5025,73207,525384
1373,20200818,MT,,84,339,5846,205512
1374,20200818,NC,,2396,0,146779,1951120
1375,20200818,ND,,109,469,8775,389618
1376,20200818,NE,,362,1883,30563,325487
1377,20200818,NH,,424,712,7017,186907
1378,20200818,NJ,,15869,22259,188098,2532745
1379,20200818,NM,,718,2984,23500,677150
1380,20200818,NV,,1102,0,62639,553928
1381,20200818,NY,,25264,89995,426571,7191978
1382,20200818,OH,,3871,12436,109923,1868998
1383,20200818,OK,,682,4115,49326,775000
1384,20200818,OR,,397,1929,23676,496338
1385,20200818,PA,,7499,0,125579,1479566
1386,20200818,PR,,346,0,27713,333685
1387,20200818,RI,,1024,2405,20692,436191
1388,20200818,SC,,2343,7146,107672,878481
1389,20200818,SD,,154,927,10443,130013
1390,20200818,TN,,1426,5981,135778,1894372
1391,20200818,TX,,10250,0,550232,4500645
1392,20200818,UT,,369,2804,47157,606516
1393,20200818,VA,,2396,15163,108282,1390305
1394,20200818,VI,,9,0,796,12664
1395,20200818,VT,,58,0,1530,114097
1396,20200818,WA,,1785,6296,69967,1329216
1397,20200818,WI,,1059,5380,71424,1146821
1398,20200818,WV,,164,0,8731,365725
1399,20200818,WY,,34,193,3363,62441
1400,20200817,AK,,28,0,5110,305648
1401,20200817,AL,,1925,12958,109004,852923
1402,20200817,AR,,603,3621,53077,622462
1403,20200817,AS,,0,0,0,1514
1404,20200817,AZ,,4506,20756,194005,1098388
1405,20200817,CA,,11242,0,628031,9933780
1406,20200817,CO,,1768,6735,53176,873051
1407,20200817,CT,,4456,11015,51267,981968
1408,20200817,DC,,597,0,13273,245655
1409,20200817,DE,,593,0,16536,212638
1410,20200817,FL,,9674,34607,576094,4252876
1411,20200817,GA,,4727,22133,238861,2027417
1412,20200817,GU,,5,0,558,28773
1413,20200817,HI,,40,283,5042,161948
1414,20200817,IA,,981,0,52722,553984
1415,20200817,ID,,269,1110,27660,224487
1416,20200817,IL,,7967,0,209186,3406429
1417,20200817,IN,,3135,9973,81006,914633
1418,20200817,KS,,405,2034,35167,354262
1419,20200817,KY,,818,4215,39691,716816
1420,20200817,LA,,4526,0,138485,1674289
1421,20200817,MA,,8833,12178,123413,1929891
1422,20200817,MD,,3641,13658,100715,1157612
1423,20200817,ME,,127,399,4197,212554
1424,20200817,MI,,6592,0,102749,2340207
1425,20200817,MN,,1758,5886,65716,1000023
1426,20200817,MO,,1396,0,68623,858617
1427,20200817,MP,,2,4,53,12920
1428,20200817,MS,,2095,4989,72412,524589
1429,20200817,MT,,82,330,5792,204725
1430,20200817,NC,,2348,0,145516,1935472
1431,20200817,ND,,105,461,8641,387834
1432,20200817,NE,,361,1883,30372,322991
1433,20200817,NH,,423,709,7004,185971
1434,20200817,NJ,,15859,22218,187767,2511070
1435,20200817,NM,,714,2965,23408,670573
1436,20200817,NV,,1077,0,61967,551423
1437,20200817,NY,,25256,89995,425916,7125087
1438,20200817,OH,,3832,12319,109062,1849016
1439,20200817,OK,,665,4021,48711,755330
1440,20200817,OR,,388,1913,23451,491217
1441,20200817,PA,,7468,0,124844,1467319
1442,20200817,PR,,335,0,26760,332732
1443,20200817,RI,,1023,2380,20572,431005
1444,20200817,SC,,2288,6852,106953,873547
1445,20200817,SD,,153,921,10360,129293
1446,20200817,TN,,1387,5881,134744,1871108
1447,20200817,TX,,10034,0,542950,4476167
1448,20200817,UT,,364,2782,46894,601795
1449,20200817,VA,,2385,15000,107421,1373442
1450,20200817,VI,,9,0,760,12418
1451,20200817,VT,,58,0,1527,113223
1452,20200817,WA,,1781,6255,69369,1314115
1453,20200817,WI,,1046,5327,70715,1136755
1454,20200817,WV,,160,0,8632,360839
1455,20200817,WY,,33,195,3331,60898
1456,20200816,AK,,28,0,5060,301515
1457,20200816,AL,,1898,12607,108433,846424
1458,20200816,AR,,599,3570,52665,622050
1459,20200816,AS,,0,0,0,1514
1460,20200816,AZ,,4506,20755,193537,1091974
1461,20200816,CA,,11224,0,621562,9798135
1462,20200816,CO,,1768,6727,52838,859734
1463,20200816,CT,,4453,11015,50897,937690
1464,20200816,DC,,597,0,13220,242852
1465,20200816,DE,,593,0,16451,210385
1466,20200816,FL,,9587,34341,573416,4232628
1467,20200816,GA,,4702,22087,237030,2005273
1468,20200816,GU,,5,0,516,27773
1469,20200816,HI,,40,279,4825,159299
1470,20200816,IA,,975,0,52428,551193
1471,20200816,ID,,269,1103,27477,223222
1472,20200816,IL,,7955,0,207413,3368183
1473,20200816,IN,,3133,9935,80415,906851
1474,20200816,KS,,402,2020,33885,343043
1475,20200816,KY,,813,4193,39315,712361
1476,20200816,LA,,4507,0,137918,1658087
1477,20200816,MA,,8829,12173,123200,1908475
1478,20200816,MD,,3639,13614,100212,1142410
1479,20200816,ME,,127,400,4168,210223
1480,20200816,MI,,6592,0,102259,2321050
1481,20200816,MN,,1752,5851,65152,994054
1482,20200816,MO,,1367,0,67475,845618
1483,20200816,MP,,2,4,50,12302
1484,20200816,MS,,2084,4916,72136,520146
1485,20200816,MT,,82,326,5750,201924
1486,20200816,NC,,2347,0,144952,1924646
1487,20200816,ND,,105,459,8582,385231
1488,20200816,NE,,361,1883,30241,320876
1489,20200816,NH,,423,708,6988,184929
1490,20200816,NJ,,15855,22206,187455,2490186
1491,20200816,NM,,711,2957,23302,665291
1492,20200816,NV,,1072,0,61305,547463
1493,20200816,NY,,25250,89995,425508,7068196
1494,20200816,OH,,3826,12236,108287,1829645
1495,20200816,OK,,661,4013,48342,754961
1496,20200816,OR,,388,1863,23262,488797
1497,20200816,PA,,7468,0,124460,1456863
1498,20200816,PR,,335,0,26006,331978
1499,20200816,RI,,1022,2380,20514,428977
1500,20200816,SC,,2269,6852,106497,867601
1501,20200816,SD,,153,916,10274,128774
1502,20200816,TN,,1366,5847,133708,1857340
1503,20200816,TX,,9983,0,535582,4439041
1504,20200816,UT,,363,2771,46652,598527
1505,20200816,VA,,2381,14967,106687,1353848
1506,20200816,VI,,9,0,741,12171
1507,20200816,VT,,58,0,1515,111335
1508,20200816,WA,,1766,6230,68729,1297928
1509,20200816,WI,,1046,5304,70246,1130779
1510,20200816,WV,,160,0,8564,355339
1511,20200816,WY,,30,191,3286,60095
1512,20200815,AK,,28,0,4954,296677
1513,20200815,AL,,1896,12607,107580,837017
1514,20200815,AR,,600,3562,51992,588260
1515,20200815,AS,,0,0,0,1514
1516,20200815,AZ,,4492,20795,192654,1077191
1517,20200815,CA,,11147,0,613689,9681111
1518,20200815,CO,,1768,6718,52538,848795
1519,20200815,CT,,4453,11015,50897,937690
1520,20200815,DC,,597,0,13159,239216
1521,20200815,DE,,593,0,16396,208761
1522,20200815,FL,,9480,34074,569637,4202725
1523,20200815,GA,,4669,22028,235168,1988066
1524,20200815,GU,,5,0,502,27096
1525,20200815,HI,,40,277,4543,156266
1526,20200815,IA,,973,0,51793,546074
1527,20200815,ID,,265,1091,27173,221012
1528,20200815,IL,,7937,0,205851,3331094
1529,20200815,IN,,3128,9872,79676,897615
1530,20200815,KS,,402,2020,33885,343043
1531,20200815,KY,,810,4193,38930,711976
1532,20200815,LA,,4430,0,136737,1637012
1533,20200815,MA,,8818,12170,122897,1886299
1534,20200815,MD,,3636,13556,99693,1127652
1535,20200815,ME,,127,399,4144,207354
1536,20200815,MI,,6586,0,101782,2291779
1537,20200815,MN,,1745,5822,64413,984473
1538,20200815,MO,,1346,0,66397,835441
1539,20200815,MP,,2,4,50,12302
1540,20200815,MS,,2080,4916,71755,519765
1541,20200815,MT,,82,324,5659,200936
1542,20200815,NC,,2343,0,143706,1903401
1543,20200815,ND,,105,457,8439,379816
1544,20200815,NE,,361,1880,29988,317683
1545,20200815,NH,,423,706,6980,183377
1546,20200815,NJ,,15853,22197,187442,2461383
1547,20200815,NM,,703,2946,23160,659042
1548,20200815,NV,,1069,0,60608,542850
1549,20200815,NY,,25244,89995,424901,6990504
1550,20200815,OH,,3824,12210,107674,1802350
1551,20200815,OK,,657,3998,47798,754417
1552,20200815,OR,,386,1863,23018,484879
1553,20200815,PA,,7465,0,123800,1443684
1554,20200815,PR,,329,0,25695,331667
1555,20200815,RI,,1022,2375,20439,425315
1556,20200815,SC,,2260,6852,105882,860400
1557,20200815,SD,,152,913,10118,127449
1558,20200815,TN,,1345,5813,131747,1829758
1559,20200815,TX,,9840,0,528838,4321676
1560,20200815,UT,,363,2760,46321,594901
1561,20200815,VA,,2381,14965,105750,1337240
1562,20200815,VI,,9,0,734,12117
1563,20200815,VT,,58,0,1509,110297
1564,20200815,WA,,1755,6206,68579,1292977
1565,20200815,WI,,1045,5275,69547,1124666
1566,20200815,WV,,160,0,8457,350244
1567,20200815,WY,,30,191,3227,60036
1568,20200814,AK,,27,0,4869,295929
1569,20200814,AL,,1893,12456,106309,824984
1570,20200814,AR,,587,3566,52392,588660
1571,20200814,AS,,0,0,0,1396
1572,20200814,AZ,,4423,20515,191721,1067575
1573,20200814,CA,,10996,0,601075,9556598
1574,20200814,CO,,1763,6700,52219,837290
1575,20200814,CT,,4453,11015,50897,937690
1576,20200814,DC,,594,0,13118,236305
1577,20200814,DE,,593,0,16340,207475
1578,20200814,FL,,9276,33568,563285,4160565
1579,20200814,GA,,4573,21818,231895,1970053
1580,20200814,GU,,5,0,502,27096
1581,20200814,HI,,40,267,4312,153617
1582,20200814,IA,,966,0,50932,540237
1583,20200814,ID,,251,1068,26631,218221
1584,20200814,IL,,7932,0,204023,3286680
1585,20200814,IN,,3113,9801,78632,886489
1586,20200814,KS,,402,2020,33885,343043
1587,20200814,KY,,804,4158,38298,700642
1588,20200814,LA,,4430,0,136737,1637012
1589,20200814,MA,,8804,12150,122531,1853032
1590,20200814,MD,,3631,13508,98875,1110273
1591,20200814,ME,,126,399,4115,205043
1592,20200814,MI,,6566,0,100724,2261151
1593,20200814,MN,,1739,5783,63723,973546
1594,20200814,MO,,1335,0,65270,824869
1595,20200814,MP,,2,4,50,12302
1596,20200814,MS,,2043,4873,70930,511042
1597,20200814,MT,,81,319,5541,199861
1598,20200814,NC,,2313,0,142170,1877402
1599,20200814,ND,,105,455,8316,373550
1600,20200814,NE,,360,1880,29660,314224
1601,20200814,NH,,422,705,6921,181616
1602,20200814,NJ,,15846,22161,187164,2429841
1603,20200814,NM,,697,2928,22987,650491
1604,20200814,NV,,1045,0,59749,538204
1605,20200814,NY,,25232,89995,424167,6901836
1606,20200814,OH,,3784,12128,106557,1779409
1607,20200814,OK,,644,3953,46897,743242
1608,20200814,OR,,385,1863,22613,473107
1609,20200814,PA,,7445,0,122950,1427689
1610,20200814,PR,,317,0,25128,331100
1611,20200814,RI,,1021,2350,20335,420733
1612,20200814,SC,,2204,6852,104841,851784
1613,20200814,SD,,150,903,10024,126014
1614,20200814,TN,,1326,5725,130458,1812043
1615,20200814,TX,,9602,0,520593,4282041
1616,20200814,UT,,360,2744,45976,589817
1617,20200814,VA,,2370,14776,104838,1320272
1618,20200814,VI,,9,0,704,11999
1619,20200814,VT,,58,0,1501,107417
1620,20200814,WA,,1736,6182,68234,1284141
1621,20200814,WI,,1032,5235,68681,1113294
1622,20200814,WV,,157,0,8274,344700
1623,20200814,WY,,30,191,3183,59992
1624,20200813,AK,,27,0,4750,294053
1625,20200813,AL,,1890,12456,105557,802562
1626,20200813,AR,,582,3566,51766,583480
1627,20200813,AS,,0,0,0,1396
1628,20200813,AZ,,4383,20503,190794,1058178
1629,20200813,CA,,10808,0,593141,9445493
1630,20200813,CO,,1756,6685,51756,825062
1631,20200813,CT,,4450,11015,50782,927335
1632,20200813,DC,,594,0,13024,229649
1633,20200813,DE,,593,0,15967,205628
1634,20200813,FL,,9047,32947,557137,4122118
1635,20200813,GA,,4538,21581,228668,1942610
1636,20200813,GU,,5,0,477,26680
1637,20200813,HI,,40,267,4312,150587
1638,20200813,IA,,959,0,50336,534813
1639,20200813,ID,,246,1051,26133,214613
1640,20200813,IL,,7905,0,201727,3237107
1641,20200813,IN,,3105,9678,77565,877970
1642,20200813,KS,,395,1975,32547,334563
1643,20200813,KY,,796,4116,37686,687620
1644,20200813,LA,,4402,0,135439,1615980
1645,20200813,MA,,8790,12131,122319,1821031
1646,20200813,MD,,3620,13463,98160,1095094
1647,20200813,ME,,126,395,4089,202284
1648,20200813,MI,,6555,0,99856,2222386
1649,20200813,MN,,1731,5742,62993,963096
1650,20200813,MO,,1325,0,63797,811357
1651,20200813,MP,,2,4,49,12301
1652,20200813,MS,,2011,4847,69986,508426
1653,20200813,MT,,81,315,5407,197820
1654,20200813,NC,,2287,0,140824,1850689
1655,20200813,ND,,105,445,8164,368309
1656,20200813,NE,,356,1880,29244,309644
1657,20200813,NH,,422,705,6921,181616
1658,20200813,NJ,,15836,22125,186594,2403690
1659,20200813,NM,,695,2907,22816,644823
1660,20200813,NV,,1030,0,58650,533144
1661,20200813,NY,,25228,89995,423440,6816381
1662,20200813,OH,,3755,12023,105426,1753307
1663,20200813,OK,,638,3901,46103,731272
1664,20200813,OR,,383,1853,22300,467263
1665,20200813,PA,,7409,0,122121,1410994
1666,20200813,PR,,306,0,24446,330418
1667,20200813,RI,,1019,2341,20240,416203
1668,20200813,SC,,2186,6482,103909,806028
1669,20200813,SD,,148,896,9897,124770
1670,20200813,TN,,1313,5648,128511,1787721
1671,20200813,TX,,9289,0,513575,4230763
1672,20200813,UT,,353,2721,45424,584656
1673,20200813,VA,,2363,14647,103622,1306103
1674,20200813,VI,,9,0,682,11650
1675,20200813,VT,,58,0,1484,105907
1676,20200813,WA,,1724,6137,67611,1269631
1677,20200813,WI,,1025,5170,67622,1102817
1678,20200813,WV,,153,0,8151,339515
1679,20200813,WY,,30,189,3119,59571
1680,20200812,AK,,27,0,4655,292582
1681,20200812,AL,,1882,12292,104786,795771
1682,20200812,AR,,566,3472,51114,573571
1683,20200812,AS,,0,0,0,1396
1684,20200812,AZ,,4347,19821,189443,1044228
1685,20200812,CA,,10648,0,586056,9303467
1686,20200812,CO,,1751,6679,51441,817422
1687,20200812,CT,,4450,10920,50706,919283
1688,20200812,DC,,593,0,12959,226741
1689,20200812,DE,,591,0,15699,202200
1690,20200812,FL,,8898,32349,550901,4087579
1691,20200812,GA,,4456,21379,226153,1916742
1692,20200812,GU,,5,0,449,26236
1693,20200812,HI,,38,260,3958,150233
1694,20200812,IA,,951,0,49806,528148
1695,20200812,ID,,246,1037,25595,212244
1696,20200812,IL,,7881,0,199893,3191101
1697,20200812,IN,,3086,9678,76522,866994
1698,20200812,KS,,395,1975,32547,334563
1699,20200812,KY,,790,4091,36945,674775
1700,20200812,LA,,4361,0,134304,1598609
1701,20200812,MA,,8769,12109,122000,1781548
1702,20200812,MD,,3612,13348,97384,1078838
1703,20200812,ME,,126,394,4070,199118
1704,20200812,MI,,6539,0,98689,2181841
1705,20200812,MN,,1724,5711,62303,952785
1706,20200812,MO,,1323,0,62530,798581
1707,20200812,MP,,2,4,49,12301
1708,20200812,MS,,1989,4794,69374,507814
1709,20200812,MT,,80,301,5268,196036
1710,20200812,NC,,2249,0,139061,1823283
1711,20200812,ND,,104,440,7964,361551
1712,20200812,NE,,351,1880,29030,308462
1713,20200812,NH,,420,705,6887,180451
1714,20200812,NJ,,15828,22096,185938,2376016
1715,20200812,NM,,693,2897,22643,640337
1716,20200812,NV,,996,0,58048,527535
1717,20200812,NY,,25218,89995,422703,6728481
1718,20200812,OH,,3734,11901,104248,1728380
1719,20200812,OK,,627,3842,45398,722107
1720,20200812,OR,,375,1845,22022,462542
1721,20200812,PA,,7385,0,121130,1393106
1722,20200812,PR,,295,0,24074,330046
1723,20200812,RI,,1018,2336,20129,412049
1724,20200812,SC,,2144,6482,102974,800089
1725,20200812,SD,,147,892,9815,123628
1726,20200812,TN,,1289,5554,126393,1759692
1727,20200812,TX,,9034,0,506820,4106360
1728,20200812,UT,,351,2696,45090,581209
1729,20200812,VA,,2352,14528,102521,1287556
1730,20200812,VI,,9,0,639,11417
1731,20200812,VT,,58,0,1478,105073
1732,20200812,WA,,1716,6102,67005,1254514
1733,20200812,WI,,1018,5125,66654,1090377
1734,20200812,WV,,153,0,8008,335239
1735,20200812,WY,,29,187,3086,59331
1736,20200811,AK,,26,0,4589,290744
1737,20200811,AL,,1847,12070,103851,783689
1738,20200811,AR,,566,3401,50411,572868
1739,20200811,AS,,0,0,0,1396
1740,20200811,AZ,,4199,19292,188737,1037275
1741,20200811,CA,,10468,0,574411,9186279
1742,20200811,CO,,1746,6627,51039,810276
1743,20200811,CT,,4444,10920,50684,911299
1744,20200811,DC,,593,0,12896,224749
1745,20200811,DE,,591,0,15699,202200
1746,20200811,FL,,8685,31750,542792,4049275
1747,20200811,GA,,4351,21031,222588,1895485
1748,20200811,GU,,5,0,434,25616
1749,20200811,HI,,34,242,3638,145836
1750,20200811,IA,,940,0,49329,523920
1751,20200811,ID,,239,1006,25100,208405
1752,20200811,IL,,7866,0,198248,3149003
1753,20200811,IN,,3069,9599,75862,861655
1754,20200811,KS,,387,1911,31730,326669
1755,20200811,KY,,783,4063,35793,668355
1756,20200811,LA,,4313,0,133125,1568564
1757,20200811,MA,,8751,12089,121707,1781520
1758,20200811,MD,,3604,13266,96843,1067459
1759,20200811,ME,,126,394,4050,192453
1760,20200811,MI,,6533,0,98213,2146554
1761,20200811,MN,,1707,5661,61839,946030
1762,20200811,MO,,1312,0,60935,787220
1763,20200811,MP,,2,4,49,12301
1764,20200811,MS,,1944,4738,68293,504404
1765,20200811,MT,,77,276,5104,194412
1766,20200811,NC,,2204,0,137895,2017498
1767,20200811,ND,,102,430,7877,357433
1768,20200811,NE,,348,1741,28696,305732
1769,20200811,NH,,419,705,6861,175399
1770,20200811,NJ,,15819,22052,185475,2350310
1771,20200811,NM,,690,2870,22444,632997
1772,20200811,NV,,981,0,57520,524749
1773,20200811,NY,,25211,89995,422003,6640705
1774,20200811,OH,,3708,11760,102826,1707770
1775,20200811,OK,,618,3760,44728,714235
1776,20200811,OR,,368,1813,21774,457088
1777,20200811,PA,,7352,0,120281,1375594
1778,20200811,PR,,287,0,23403,329375
1779,20200811,RI,,1016,2317,20053,408074
1780,20200811,SC,,2098,6482,102130,796351
1781,20200811,SD,,146,887,9713,122409
1782,20200811,TN,,1271,5464,124915,1740784
1783,20200811,TX,,8710,0,500620,4088863
1784,20200811,UT,,349,2677,44752,578549
1785,20200811,VA,,2344,14445,101745,1271545
1786,20200811,VI,,9,0,576,11063
1787,20200811,VT,,58,0,1472,103957
1788,20200811,WA,,1697,6049,66404,1237902
1789,20200811,WI,,1013,5092,66123,1080400
1790,20200811,WV,,147,0,7875,330609
1791,20200811,WY,,29,183,3073,58852
1792,20200810,AK,,26,0,4539,280343
1793,20200810,AL,,1797,12070,103020,780567
1794,20200810,AR,,555,3336,50028,569320
1795,20200810,AS,,0,0,0,1396
1796,20200810,AZ,,4154,19277,187523,1028231
1797,20200810,CA,,10359,0,561911,8998353
1798,20200810,CO,,1736,6616,50660,801739
1799,20200810,CT,,4444,10920,50567,902957
1800,20200810,DC,,591,0,12807,220391
1801,20200810,DE,,591,0,15634,200672
1802,20200810,FL,,8408,31177,536961,4013857
1803,20200810,GA,,4229,20676,219025,1861962
1804,20200810,GU,,5,0,418,25076
1805,20200810,HI,,31,239,3498,142096
1806,20200810,IA,,933,0,49071,521387
1807,20200810,ID,,237,999,24671,206476
1808,20200810,IL,,7846,0,196699,3107641
1809,20200810,IN,,3044,9354,74992,852111
1810,20200810,KS,,387,1911,31730,326669
1811,20200810,KY,,775,4024,35254,657807
1812,20200810,LA,,4287,0,131961,1547933
1813,20200810,MA,,8741,12062,121315,1778102
1814,20200810,MD,,3591,13247,96258,1056810
1815,20200810,ME,,125,393,4049,190906
1816,20200810,MI,,6526,0,97306,2122589
1817,20200810,MN,,1701,5606,61516,944160
1818,20200810,MO,,1307,0,59954,769918
1819,20200810,MP,,2,4,49,12301
1820,20200810,MS,,1912,4680,67649,494593
1821,20200810,MT,,75,273,5017,193405
1822,20200810,NC,,2172,0,136844,2001919
1823,20200810,ND,,101,417,7706,351979
1824,20200810,NE,,345,1722,28432,302635
1825,20200810,NH,,419,704,6840,174278
1826,20200810,NJ,,15807,21992,185031,2324046
1827,20200810,NM,,685,2851,22315,627627
1828,20200810,NV,,963,0,56972,522192
1829,20200810,NY,,25204,89995,421336,6563646
1830,20200810,OH,,3673,11629,101731,1687644
1831,20200810,OK,,605,3625,43963,694448
1832,20200810,OR,,357,1798,21488,450732
1833,20200810,PA,,7317,0,119453,1360283
1834,20200810,PR,,279,0,22821,328793
1835,20200810,RI,,1015,2311,19934,403932
1836,20200810,SC,,2049,6153,101159,791630
1837,20200810,SD,,146,882,9663,121477
1838,20200810,TN,,1233,5339,123914,1727907
1839,20200810,TX,,8490,0,490817,4073661
1840,20200810,UT,,345,2642,44390,574560
1841,20200810,VA,,2327,14212,100749,1261547
1842,20200810,VI,,9,0,547,10904
1843,20200810,VT,,58,0,1462,103353
1844,20200810,WA,,1688,6001,65721,1221951
1845,20200810,WI,,1005,5031,65356,1066758
1846,20200810,WV,,141,0,7754,327044
1847,20200810,WY,,28,179,3042,57682
1848,20200809,AK,,26,0,4473,277919
1849,20200809,AL,,1768,11537,101334,762451
1850,20200809,AR,,544,3284,49383,563831
1851,20200809,AS,,0,0,0,1396
1852,20200809,AZ,,4150,19268,186923,1022563
1853,20200809,CA,,10293,0,554160,8826119
1854,20200809,CO,,1736,6602,50324,791022
1855,20200809,CT,,4441,10920,50320,864633
1856,20200809,DC,,591,0,12753,217942
1857,20200809,DE,,591,0,15575,198119
1858,20200809,FL,,8315,30893,532806,3985663
1859,20200809,GA,,4199,20628,216596,1835048
1860,20200809,GU,,5,0,412,24529
1861,20200809,HI,,31,237,3346,141944
1862,20200809,IA,,930,0,48789,518810
1863,20200809,ID,,235,988,24495,204831
1864,20200809,IL,,7845,0,195380,3075288
1865,20200809,IN,,3041,9354,74328,841125
1866,20200809,KS,,380,1875,30638,316512
1867,20200809,KY,,773,4002,34982,648839
1868,20200809,LA,,4263,0,131399,1540571
1869,20200809,MA,,8735,12054,121040,1763161
1870,20200809,MD,,3585,13177,95503,1039345
1871,20200809,ME,,125,393,4042,188986
1872,20200809,MI,,6519,0,96726,2101332
1873,20200809,MN,,1698,5555,60898,934973
1874,20200809,MO,,1301,0,57379,752740
1875,20200809,MP,,2,4,48,12301
1876,20200809,MS,,1896,4606,67173,494117
1877,20200809,MT,,75,272,4952,189946
1878,20200809,NC,,2168,0,136218,1986548
1879,20200809,ND,,98,415,7589,347516
1880,20200809,NE,,345,1715,28245,299674
1881,20200809,NH,,419,701,6831,172585
1882,20200809,NJ,,15803,21992,184773,2301852
1883,20200809,NM,,681,2838,22115,620128
1884,20200809,NV,,957,0,56230,517604
1885,20200809,NY,,25202,89995,420860,6509644
1886,20200809,OH,,3669,11565,100848,1668548
1887,20200809,OK,,603,3605,43566,694051
1888,20200809,OR,,356,1758,21272,447037
1889,20200809,PA,,7314,0,118852,1347210
1890,20200809,PR,,279,0,22121,328093
1891,20200809,RI,,1015,2311,19906,402375
1892,20200809,SC,,2031,6153,100435,785984
1893,20200809,SD,,146,876,9605,120897
1894,20200809,TN,,1223,5304,122712,1713120
1895,20200809,TX,,8459,0,486362,4025864
1896,20200809,UT,,336,2620,44127,570613
1897,20200809,VA,,2326,14123,100086,1244258
1898,20200809,VI,,9,0,547,10879
1899,20200809,VT,,58,0,1459,102691
1900,20200809,WA,,1688,5896,64918,1202997
1901,20200809,WI,,1005,5000,64835,1058577
1902,20200809,WV,,139,0,7694,323072
1903,20200809,WY,,28,177,3050,56675
1904,20200808,AK,,26,0,4373,273593
1905,20200808,AL,,1735,11537,98387,749502
1906,20200808,AR,,521,3223,48039,551523
1907,20200808,AS,,0,0,0,1396
1908,20200808,AZ,,4137,19244,186107,1016521
1909,20200808,CA,,10189,0,545787,8707527
1910,20200808,CO,,1736,6582,49893,779670
1911,20200808,CT,,4441,10920,50320,864633
1912,20200808,DC,,590,0,12653,213334
1913,20200808,DE,,590,0,15502,195894
1914,20200808,FL,,8238,30639,526577,3945872
1915,20200808,GA,,4186,20556,213427,1797966
1916,20200808,GU,,5,0,412,24529
1917,20200808,HI,,31,231,3115,139246
1918,20200808,IA,,925,0,48283,513547
1919,20200808,ID,,229,968,23922,202971
1920,20200808,IL,,7840,0,193998,3033934
1921,20200808,IN,,3036,9354,73287,828466
1922,20200808,KS,,380,1875,30638,316512
1923,20200808,KY,,772,4002,34578,648435
1924,20200808,LA,,4207,0,128746,1505002
1925,20200808,MA,,8721,12044,120711,1755478
1926,20200808,MD,,3577,13105,94581,1019523
1927,20200808,ME,,125,393,4026,186401
1928,20200808,MI,,6520,0,96191,2075121
1929,20200808,MN,,1689,5506,60101,921397
1930,20200808,MO,,1301,0,57379,752740
1931,20200808,MP,,2,4,48,12301
1932,20200808,MS,,1874,4606,66646,493590
1933,20200808,MT,,75,268,4889,188846
1934,20200808,NC,,2160,0,134766,1969766
1935,20200808,ND,,98,414,7498,342078
1936,20200808,NE,,345,1704,28104,297538
1937,20200808,NH,,419,700,6818,171251
1938,20200808,NJ,,15798,21949,184429,2252792
1939,20200808,NM,,675,2819,21965,612854
1940,20200808,NV,,949,0,55419,513019
1941,20200808,NY,,25195,89995,420345,6443832
1942,20200808,OH,,3668,11516,99969,1644493
1943,20200808,OK,,603,3594,43080,693565
1944,20200808,OR,,355,1758,21010,438067
1945,20200808,PA,,7313,0,118092,1333057
1946,20200808,PR,,274,0,21424,327396
1947,20200808,RI,,1015,2294,19832,398976
1948,20200808,SC,,2007,6153,99460,778075
1949,20200808,SD,,146,871,9477,119987
1950,20200808,TN,,1215,5262,120585,1685486
1951,20200808,TX,,8343,0,481483,4012657
1952,20200808,UT,,335,2604,43751,566355
1953,20200808,VA,,2322,14101,99189,1223028
1954,20200808,VI,,9,0,528,10619
1955,20200808,VT,,58,0,1454,101803
1956,20200808,WA,,1672,5890,64723,1198007
1957,20200808,WI,,1003,4980,64213,1051158
1958,20200808,WV,,131,0,7563,317920
1959,20200808,WY,,28,177,3013,56638
1960,20200807,AK,,25,0,4288,268851
1961,20200807,AL,,1735,11537,98301,749416
1962,20200807,AR,,521,3168,48039,551523
1963,20200807,AS,,0,0,0,1396
1964,20200807,AZ,,4081,19241,185053,1004845
1965,20200807,CA,,10011,0,538416,8596882
1966,20200807,CO,,1729,6572,49436,766473
1967,20200807,CT,,4441,10920,50320,864633
1968,20200807,DC,,589,0,12589,208725
1969,20200807,DE,,588,0,15445,194784
1970,20200807,FL,,8051,30114,518075,3896939
1971,20200807,GA,,4117,20282,209004,1753129
1972,20200807,GU,,5,0,411,24362
1973,20200807,HI,,29,225,2914,135284
1974,20200807,IA,,913,0,47865,508700
1975,20200807,ID,,223,954,23399,198700
1976,20200807,IL,,7822,0,191808,2985918
1977,20200807,IN,,3023,9354,72254,817104
1978,20200807,KS,,380,1875,30638,316512
1979,20200807,KY,,764,3975,33796,641994
1980,20200807,LA,,4207,0,128746,1505002
1981,20200807,MA,,8709,12022,120291,1743447
1982,20200807,MD,,3565,13047,93806,1006824
1983,20200807,ME,,124,393,4014,183722
1984,20200807,MI,,6524,0,95470,2036595
1985,20200807,MN,,1681,5458,59185,910271
1986,20200807,MO,,1301,0,57379,752740
1987,20200807,MP,,2,4,47,12301
1988,20200807,MS,,1848,4577,65436,487212
1989,20200807,MT,,70,264,4757,187756
1990,20200807,NC,,2134,0,132812,1939812
1991,20200807,ND,,98,408,7318,336501
1992,20200807,NE,,340,1688,27821,293902
1993,20200807,NH,,419,699,6742,168465
1994,20200807,NJ,,15789,21949,184061,2252792
1995,20200807,NM,,669,2803,21773,604382
1996,20200807,NV,,920,0,54533,506998
1997,20200807,NY,,25190,89995,419642,6368975
1998,20200807,OH,,3652,11447,98675,1623095
1999,20200807,OK,,600,3555,42255,685815
2000,20200807,OR,,348,1758,20636,437693
2001,20200807,PA,,7297,0,117279,1316899
2002,20200807,PR,,265,0,20686,326658
2003,20200807,RI,,1014,2276,19738,394749
2004,20200807,SC,,1962,6153,98219,767961
2005,20200807,SD,,144,866,9371,118727
2006,20200807,TN,,1206,5190,118782,1662032
2007,20200807,TX,,8096,0,474524,4000532
2008,20200807,UT,,335,2578,43375,559100
2009,20200807,VA,,2317,14097,97882,1208745
2010,20200807,VI,,9,0,522,10499
2011,20200807,VT,,58,0,1448,100962
2012,20200807,WA,,1653,5874,64357,1188665
2013,20200807,WI,,997,4930,63028,1037976
2014,20200807,WV,,127,0,7433,312677
2015,20200807,WY,,28,176,3000,56625
2016,20200806,AK,,25,0,4223,261572
2017,20200806,AL,,1714,11313,96592,739784
2018,20200806,AR,,515,3118,47028,539836
2019,20200806,AS,,0,0,0,1396
2020,20200806,AZ,,4002,14068,183647,995864
2021,20200806,CA,,9869,0,529980,8500463
2022,20200806,CO,,1717,6536,48988,754644
2023,20200806,CT,,4437,10920,50245,857098
2024,20200806,DC,,587,0,12518,205983
2025,20200806,DE,,587,0,15365,192703
2026,20200806,FL,,7871,29515,510389,3857363
2027,20200806,GA,,4026,20002,204895,1724762
2028,20200806,GU,,5,0,397,23877
2029,20200806,HI,,27,214,2763,134909
2030,20200806,IA,,908,0,47361,503120
2031,20200806,ID,,217,931,22707,194593
2032,20200806,IL,,7791,0,189705,2939030
2033,20200806,IN,,3013,9267,71015,804345
2034,20200806,KS,,368,1821,29717,308718
2035,20200806,KY,,760,3924,33254,632444
2036,20200806,LA,,4146,0,127246,1484972
2037,20200806,MA,,8691,12007,119874,1721559
2038,20200806,MD,,3551,12978,93005,992141
2039,20200806,ME,,124,390,3997,180916
2040,20200806,MI,,6506,0,94656,2006578
2041,20200806,MN,,1677,5421,58640,899480
2042,20200806,MO,,1280,0,56383,742311
2043,20200806,MP,,2,4,47,12301
2044,20200806,MS,,1825,4511,64400,482541
2045,20200806,MT,,65,259,4602,185815
2046,20200806,NC,,2092,0,131267,1904750
2047,20200806,ND,,98,400,7169,331004
2048,20200806,NE,,335,1681,27489,290181
2049,20200806,NH,,418,698,6719,167407
2050,20200806,NJ,,15778,21565,183701,2230245
2051,20200806,NM,,667,2781,21566,597408
2052,20200806,NV,,900,0,53557,500195
2053,20200806,NY,,25185,89995,418928,6298805
2054,20200806,OH,,3618,11366,97471,1598039
2055,20200806,OK,,593,3497,41401,674653
2056,20200806,OR,,339,1743,20225,432262
2057,20200806,PA,,7282,0,116521,1300251
2058,20200806,PR,,258,0,19934,325906
2059,20200806,RI,,1014,2264,19611,389969
2060,20200806,SC,,1943,5799,96797,756145
2061,20200806,SD,,141,861,9273,117574
2062,20200806,TN,,1186,5109,116350,1635191
2063,20200806,TX,,7803,0,467485,3944480
2064,20200806,UT,,330,2554,42915,555391
2065,20200806,VA,,2299,13984,95867,1194927
2066,20200806,VI,,9,0,501,10375
2067,20200806,VT,,58,0,1445,100052
2068,20200806,WA,,1624,5840,63698,1173650
2069,20200806,WI,,985,4881,61985,1023836
2070,20200806,WV,,124,0,7277,307409
2071,20200806,WY,,27,171,2958,56108
2072,20200805,AK,,25,0,4183,257279
2073,20200805,AL,,1695,11100,94654,727460
2074,20200805,AR,,508,3118,46293,534811
2075,20200805,AS,,0,0,0,1396
2076,20200805,AZ,,3932,13559,182203,985542
2077,20200805,CA,,9703,0,524722,8409400
2078,20200805,CO,,1710,6516,48394,727026
2079,20200805,CT,,4437,10807,50225,848109
2080,20200805,DC,,587,0,12443,202825
2081,20200805,DE,,587,0,15296,190700
2082,20200805,FL,,7751,28956,502739,3814884
2083,20200805,GA,,3984,19788,201713,1695224
2084,20200805,GU,,5,0,389,23435
2085,20200805,HI,,27,208,2591,132526
2086,20200805,IA,,899,0,46659,496428
2087,20200805,ID,,210,906,22234,191887
2088,20200805,IL,,7770,0,187752,2897344
2089,20200805,IN,,3007,9148,69975,792225
2090,20200805,KS,,368,1821,29717,308718
2091,20200805,KY,,752,3903,32741,620822
2092,20200805,LA,,4096,0,125943,1469867
2093,20200805,MA,,8659,11993,119643,1698416
2094,20200805,MD,,3536,12922,92426,982395
2095,20200805,ME,,124,390,3992,178245
2096,20200805,MI,,6478,0,93893,1980472
2097,20200805,MN,,1670,5373,57779,887623
2098,20200805,MO,,1272,0,55321,730574
2099,20200805,MP,,2,4,46,12301
2100,20200805,MS,,1804,4472,63444,477822
2101,20200805,MT,,65,248,4429,183124
2102,20200805,NC,,2050,0,129288,1873668
2103,20200805,ND,,96,394,7047,325826
2104,20200805,NE,,332,1644,27178,287105
2105,20200805,NH,,418,698,6693,165976
2106,20200805,NJ,,15771,21565,183327,2187018
2107,20200805,NM,,658,2753,21340,590825
2108,20200805,NV,,890,0,52828,491117
2109,20200805,NY,,25179,89995,418225,6226435
2110,20200805,OH,,3596,11231,96305,1574613
2111,20200805,OK,,583,3445,40564,664730
2112,20200805,OR,,338,1726,19979,426802
2113,20200805,PA,,7244,0,115714,1284725
2114,20200805,PR,,246,0,19651,325623
2115,20200805,RI,,1012,2248,19481,384487
2116,20200805,SC,,1894,5799,95472,748622
2117,20200805,SD,,137,856,9168,116374
2118,20200805,TN,,1144,5001,114098,1612045
2119,20200805,TX,,7497,0,459887,3908235
2120,20200805,UT,,327,2519,42328,550322
2121,20200805,VA,,2274,13826,95049,1179756
2122,20200805,VI,,8,0,481,10103
2123,20200805,VT,,57,0,1436,98990
2124,20200805,WA,,1619,5779,62992,1159061
2125,20200805,WI,,977,4826,61110,1006094
2126,20200805,WV,,124,0,7159,302594
2127,20200805,WY,,27,169,2923,55714
2128,20200804,AK,,25,0,4125,252649
2129,20200804,AL,,1666,11100,93702,722301
2130,20200804,AR,,490,3054,45381,533899
2131,20200804,AS,,0,0,0,1267
2132,20200804,AZ,,3845,13294,180505,971244
2133,20200804,CA,,9501,0,519427,8305713
2134,20200804,CO,,1710,6487,47968,721921
2135,20200804,CT,,4437,10807,50110,836271
2136,20200804,DC,,587,0,12398,200127
2137,20200804,DE,,587,0,15137,189308
2138,20200804,FL,,7526,28333,497330,3784458
2139,20200804,GA,,3921,19426,197948,1664412
2140,20200804,GU,,5,0,375,22923
2141,20200804,HI,,26,201,2448,130712
2142,20200804,IA,,888,0,46042,490371
2143,20200804,ID,,200,886,21675,187778
2144,20200804,IL,,7742,0,185993,2850676
2145,20200804,IN,,2996,9148,69255,785018
2146,20200804,KS,,365,1782,28876,301839
2147,20200804,KY,,751,3851,32197,607855
2148,20200804,LA,,4051,0,124461,1449857
2149,20200804,MA,,8657,11973,119203,1673078
2150,20200804,MD,,3530,12888,91854,972346
2151,20200804,ME,,123,388,3975,175761
2152,20200804,MI,,6471,0,93175,1954415
2153,20200804,MN,,1660,5346,57162,878111
2154,20200804,MO,,1266,0,54080,721523
2155,20200804,MP,,2,4,46,12301
2156,20200804,MS,,1753,4424,62199,463791
2157,20200804,MT,,64,238,4314,181236
2158,20200804,NC,,2010,0,128161,1854026
2159,20200804,ND,,96,389,6925,320395
2160,20200804,NE,,332,1644,26956,283859
2161,20200804,NH,,417,697,6660,164836
2162,20200804,NJ,,15764,21565,182970,2164936
2163,20200804,NM,,655,2730,21130,577810
2164,20200804,NV,,862,0,52179,489087
2165,20200804,NY,,25175,89995,417589,6153767
2166,20200804,OH,,3570,11119,95106,1555812
2167,20200804,OK,,566,3375,39463,657276
2168,20200804,OR,,333,1688,19699,419914
2169,20200804,PA,,7232,0,115009,1271529
2170,20200804,PR,,237,0,19324,325296
2171,20200804,RI,,1011,2242,19390,380973
2172,20200804,SC,,1847,5799,94190,740457
2173,20200804,SD,,136,846,9079,115381
2174,20200804,TN,,1117,4900,112441,1592650
2175,20200804,TX,,7261,0,451181,3884848
2176,20200804,UT,,321,2482,41907,544956
2177,20200804,VA,,2244,13640,94251,1168038
2178,20200804,VI,,8,0,463,9775
2179,20200804,VT,,57,0,1431,98801
2180,20200804,WA,,1600,5744,62267,1143993
2181,20200804,WI,,968,4783,60171,989016
2182,20200804,WV,,124,0,7051,298439
2183,20200804,WY,,27,169,2884,55243
2184,20200803,AK,,25,0,4064,245807
2185,20200803,AL,,1633,10865,92661,714051
2186,20200803,AR,,475,2966,44597,527400
2187,20200803,AS,,0,0,0,1267
2188,20200803,AZ,,3779,11400,179497,964418
2189,20200803,CA,,9388,0,514901,8184696
2190,20200803,CO,,1691,6474,47716,714560
2191,20200803,CT,,4437,10807,50062,829182
2192,20200803,DC,,586,0,12313,198815
2193,20200803,DE,,585,0,15055,187659
2194,20200803,FL,,7279,27744,491884,3752798
2195,20200803,GA,,3842,19124,195435,1646401
2196,20200803,GU,,5,0,368,22573
2197,20200803,HI,,26,199,2242,127279
2198,20200803,IA,,882,0,45841,486475
2199,20200803,ID,,197,874,21344,185337
2200,20200803,IL,,7723,0,184522,2808078
2201,20200803,IN,,2980,9004,68433,775482
2202,20200803,KS,,365,1782,28876,301839
2203,20200803,KY,,744,3815,31508,600293
2204,20200803,LA,,4024,0,120846,1393910
2205,20200803,MA,,8648,11942,118657,1648689
2206,20200803,MD,,3523,12832,91144,960637
2207,20200803,ME,,124,389,3970,174145
2208,20200803,MI,,6463,0,92374,1926823
2209,20200803,MN,,1656,5298,56560,872004
2210,20200803,MO,,1255,0,52887,712948
2211,20200803,MP,,2,4,46,12301
2212,20200803,MS,,1711,4380,61125,462717
2213,20200803,MT,,64,236,4233,179508
2214,20200803,NC,,1982,0,126532,1837410
2215,20200803,ND,,95,379,6776,315710
2216,20200803,NE,,332,1630,26702,281106
2217,20200803,NH,,417,696,6634,162622
2218,20200803,NJ,,15753,21565,182614,2164580
2219,20200803,NM,,654,2720,21016,574253
2220,20200803,NV,,847,0,51199,484866
2221,20200803,NY,,25172,89995,416843,6082774
2222,20200803,OH,,3539,10992,93963,1535543
2223,20200803,OK,,551,3275,38602,638063
2224,20200803,OR,,328,1655,19366,417131
2225,20200803,PA,,7209,0,114155,1256569
2226,20200803,PR,,230,0,18791,324763
2227,20200803,RI,,1010,2231,19246,376009
2228,20200803,SC,,1793,5527,92951,731675
2229,20200803,SD,,135,838,9020,114648
2230,20200803,TN,,1092,4808,110636,1574533
2231,20200803,TX,,7016,0,442014,3834586
2232,20200803,UT,,314,2450,41529,540182
2233,20200803,VA,,2218,13460,93106,1155108
2234,20200803,VI,,8,0,439,9436
2235,20200803,VT,,57,0,1427,97238
2236,20200803,WA,,1596,5692,61428,1127619
2237,20200803,WI,,956,4732,59401,970836
2238,20200803,WV,,117,0,6973,295046
2239,20200803,WY,,27,167,2848,54880
2240,20200802,AK,,24,0,3984,243090
2241,20200802,AL,,1627,10521,91444,706070
2242,20200802,AR,,458,2894,43173,514581
2243,20200802,AS,,0,0,0,1267
2244,20200802,AZ,,3765,11371,178467,956428
2245,20200802,CA,,9356,0,509162,8035975
2246,20200802,CO,,1691,6465,47267,703954
2247,20200802,CT,,4432,10807,49810,793996
2248,20200802,DC,,586,0,12274,197192
2249,20200802,DE,,585,0,14949,184911
2250,20200802,FL,,7206,27524,487132,3720997
2251,20200802,GA,,3840,19064,193177,1624640
2252,20200802,GU,,5,0,367,22052
2253,20200802,HI,,26,194,2197,126641
2254,20200802,IA,,876,0,45492,484118
2255,20200802,ID,,197,856,21114,184299
2256,20200802,IL,,7714,0,183224,2779603
2257,20200802,IN,,2975,8848,67857,769043
2258,20200802,KS,,358,1751,27812,292507
2259,20200802,KY,,742,3782,31185,597136
2260,20200802,LA,,4007,0,119747,1379440
2261,20200802,MA,,8638,11936,118458,1621729
2262,20200802,MD,,3515,12746,90274,944786
2263,20200802,ME,,123,388,3958,172074
2264,20200802,MI,,6457,0,91761,1901841
2265,20200802,MN,,1654,5241,55947,858341
2266,20200802,MO,,1253,0,51840,702467
2267,20200802,MP,,2,4,45,11764
2268,20200802,MS,,1703,4314,60553,462145
2269,20200802,MT,,61,233,4193,174295
2270,20200802,NC,,1969,0,125219,1813510
2271,20200802,ND,,95,371,6649,311152
2272,20200802,NE,,332,1629,26391,277243
2273,20200802,NH,,416,695,6613,160962
2274,20200802,NJ,,15743,21565,182350,2145878
2275,20200802,NM,,651,2703,20796,565886
2276,20200802,NV,,832,0,50205,482119
2277,20200802,NY,,25170,89995,416298,6030935
2278,20200802,OH,,3529,10900,93031,1517546
2279,20200802,OK,,550,3241,38225,637686
2280,20200802,OR,,326,1607,19097,413657
2281,20200802,PA,,7209,0,113590,1244569
2282,20200802,PR,,230,0,18411,324383
2283,20200802,RI,,1007,2211,19022,373276
2284,20200802,SC,,1777,5527,91788,722257
2285,20200802,SD,,135,835,8955,113953
2286,20200802,TN,,1073,4756,109627,1562298
2287,20200802,TX,,6837,0,430485,3747779
2288,20200802,UT,,311,2430,41175,536716
2289,20200802,VA,,2218,13280,91782,1140026
2290,20200802,VI,,8,0,421,9289
2291,20200802,VT,,57,0,1426,96681
2292,20200802,WA,,1592,5655,60588,1110085
2293,20200802,WI,,955,4717,58990,963656
2294,20200802,WV,,117,0,6854,291212
2295,20200802,WY,,26,167,2808,53381
2296,20200801,AK,,24,0,3827,238633
2297,20200801,AL,,1603,10521,89349,697371
2298,20200801,AR,,460,2852,43173,514581
2299,20200801,AS,,0,0,0,1267
2300,20200801,AZ,,3747,11346,177002,948650
2301,20200801,CA,,9224,0,500130,7886587
2302,20200801,CO,,1691,6441,46809,691365
2303,20200801,CT,,4432,10807,49810,793996
2304,20200801,DC,,585,0,12205,193781
2305,20200801,DE,,585,0,14877,182896
2306,20200801,FL,,7144,27344,480028,3679443
2307,20200801,GA,,3825,18995,190012,1596085
2308,20200801,GU,,5,0,367,22052
2309,20200801,HI,,26,179,2111,123251
2310,20200801,IA,,872,0,44976,478970
2311,20200801,ID,,189,850,20721,181873
2312,20200801,IL,,7700,0,181757,2740658
2313,20200801,IN,,2971,8781,67122,758606
2314,20200801,KS,,358,1751,27812,292507
2315,20200801,KY,,740,3782,30723,596674
2316,20200801,LA,,3949,0,116280,1342243
2317,20200801,MA,,8626,11930,118040,1613551
2318,20200801,MD,,3506,12672,89365,929354
2319,20200801,ME,,123,388,3937,169746
2320,20200801,MI,,6457,0,91332,1876830
2321,20200801,MN,,1646,5208,55188,846268
2322,20200801,MO,,1253,0,51258,696745
2323,20200801,MP,,2,4,42,11761
2324,20200801,MS,,1693,4314,59881,461473
2325,20200801,MT,,61,230,4081,171553
2326,20200801,NC,,1964,0,123878,1786412
2327,20200801,ND,,95,371,6593,307324
2328,20200801,NE,,332,1622,26211,275259
2329,20200801,NH,,416,695,6613,160962
2330,20200801,NJ,,15737,21565,182029,2096698
2331,20200801,NM,,642,2686,20600,558012
2332,20200801,NV,,832,0,49074,474220
2333,20200801,NY,,25164,89995,415767,5971974
2334,20200801,OH,,3515,10857,92087,1492903
2335,20200801,OK,,549,3228,37731,637192
2336,20200801,OR,,325,1607,18817,409616
2337,20200801,PA,,7204,0,112936,1232322
2338,20200801,PR,,225,0,17872,323844
2339,20200801,RI,,1007,2211,19022,369302
2340,20200801,SC,,1751,5527,90599,711869
2341,20200801,SD,,134,832,8867,112932
2342,20200801,TN,,1067,4724,108184,1542853
2343,20200801,TX,,6837,0,430485,3747779
2344,20200801,UT,,310,2412,40702,533260
2345,20200801,VA,,2215,13263,90801,1127361
2346,20200801,VI,,8,0,421,9289
2347,20200801,VT,,57,0,1421,95392
2348,20200801,WA,,1564,5568,60360,1105298
2349,20200801,WI,,954,4681,58058,954003
2350,20200801,WV,,116,0,6735,287224
2351,20200801,WY,,26,167,2769,53342
